,attendance,away_first_downs,away_fourth_down_attempts,away_fourth_down_conversions,away_fumbles,away_fumbles_lost,away_interceptions,away_net_pass_yards,away_pass_attempts,away_pass_completions,away_pass_touchdowns,away_pass_yards,away_penalties,away_points,away_rush_attempts,away_rush_touchdowns,away_rush_yards,away_third_down_attempts,away_third_down_conversions,away_time_of_possession,away_times_sacked,away_total_yards,away_turnovers,away_yards_from_penalties,away_yards_lost_from_sacks,date,datetime,duration,home_first_downs,home_fourth_down_attempts,home_fourth_down_conversions,home_fumbles,home_fumbles_lost,home_interceptions,home_net_pass_yards,home_pass_attempts,home_pass_completions,home_pass_touchdowns,home_pass_yards,home_penalties,home_points,home_rush_attempts,home_rush_touchdowns,home_rush_yards,home_third_down_attempts,home_third_down_conversions,home_time_of_possession,home_times_sacked,home_total_yards,home_turnovers,home_yards_from_penalties,home_yards_lost_from_sacks,losing_abbr,losing_name,over_under,roof,stadium,surface,time,vegas_line,weather,winner,winning_abbr,winning_name,won_toss,week
201809060phi,69696,16,1,0,1,0,1,225,43,21,0,251,15,12,18,1,74,15,4,27:50,4,299,1,135,26,"Thursday Sep 6, 2018",2018-09-06 20:20:00,3:19,18,0,0,2,1,1,119,35,20,0,132,11,18,27,2,113,16,8,32:10,2,232,2,101,13,ATL,Atlanta Falcons,44.5 (under),Outdoors,Lincoln Financial Field,Grass,8:20pm,Philadelphia Eagles -1.0,"81 degrees, wind 8 mph",Home,PHI,Philadelphia Eagles,Eagles (deferred),1
201809090cle,67431,25,0,0,3,3,3,313,41,23,1,335,12,21,35,2,159,15,7,35:12,4,472,6,116,22,"Sunday Sep 9, 2018",2018-09-09 13:00:00,3:54,22,1,0,1,0,1,150,40,15,1,197,11,21,38,2,177,18,5,34:48,7,327,1,87,47,CLE,Cleveland Browns,41.0 (over),Outdoors,FirstEnergy Stadium,Grass,1:00pm,Pittsburgh Steelers -3.5,"58 degrees, wind 11 mph",Away,PIT,Pittsburgh Steelers,Browns (deferred),1
201809090rav,70591,10,1,0,1,0,2,70,33,11,0,98,10,3,22,0,83,15,2,24:46,6,153,2,100,28,"Sunday Sep 9, 2018",2018-09-09 13:00:00,3:21,26,0,0,4,1,0,252,38,26,3,260,9,47,34,3,117,14,6,35:14,2,369,1,78,8,BUF,Buffalo Bills,39.0 (over),Outdoors,M&T Bank Stadium,Grass,1:00pm,Baltimore Ravens -7.5,"61 degrees, wind 12 mph",Home,RAV,Baltimore Ravens,Bills (deferred),1
201809090nyg,77992,17,0,0,0,0,1,168,33,18,1,176,11,20,28,0,137,13,4,29:31,1,305,1,119,8,"Sunday Sep 9, 2018",2018-09-09 13:00:00,3:04,15,2,0,1,1,1,210,37,23,0,224,6,15,23,1,114,13,4,30:29,2,324,2,43,14,NYG,New York Giants,43.0 (under),Outdoors,MetLife Stadium,Fieldturf,1:00pm,Jacksonville Jaguars -2.5,"59 degrees, wind 7 mph",Away,JAX,Jacksonville Jaguars,Giants (deferred),1
201809090nwe,65878,21,1,0,1,1,1,158,34,17,1,176,6,20,34,1,167,11,2,28:50,3,325,2,44,18,"Sunday Sep 9, 2018",2018-09-09 13:00:00,3:12,23,1,1,3,2,1,267,39,26,3,277,6,27,31,0,122,14,4,31:10,2,389,3,36,10,HTX,Houston Texans,49.5 (under),Outdoors,Gillette Stadium,Fieldturf,1:00pm,New England Patriots -6.0,"62 degrees, wind 10 mph",Home,NWE,New England Patriots,Texans (deferred),1
201809090nor,73038,26,0,0,1,0,0,417,28,21,4,417,7,48,34,1,112,13,8,32:09,0,529,0,70,0,"Sunday Sep 9, 2018",2018-09-09 13:00:00,3:13,26,1,1,2,2,0,432,45,37,3,439,8,40,13,2,43,9,4,27:51,1,475,2,77,7,NOR,New Orleans Saints,50.0 (over),Dome,Mercedes-Benz Superdome,Sportturf,1:00pm,New Orleans Saints -10.0,,Away,TAM,Tampa Bay Buccaneers,Buccaneers (deferred),1
201809090min,66673,20,0,0,3,1,3,237,33,15,1,261,3,16,25,0,90,13,5,28:51,3,327,4,21,24,"Sunday Sep 9, 2018",2018-09-09 13:00:00,3:12,19,1,0,1,1,0,227,36,20,2,244,7,24,32,0,116,17,7,31:09,3,343,1,52,17,SFO,San Francisco 49ers,46.5 (under),Dome,U.S. Bank Stadium,Sportturf,1:00pm,Minnesota Vikings -6.0,,Home,MIN,Minnesota Vikings,49ers (deferred),1
201809090mia,65184,19,2,0,0,0,3,220,38,20,0,220,5,20,29,1,116,14,6,29:35,0,336,3,48,0,"Sunday Sep 9, 2018",2018-09-09 13:00:00,7:08,18,1,0,0,0,2,222,28,20,2,230,7,27,29,0,120,10,2,30:25,1,342,2,51,8,OTI,Tennessee Titans,43.5 (over),Outdoors,Hard Rock Stadium,Grass,1:00pm,Tennessee Titans -1.0,"89 degrees, wind 7 mph",Home,MIA,Miami Dolphins,Dolphins (deferred),1
201809090clt,58699,19,0,0,2,1,1,229,28,21,2,243,8,34,20,1,101,8,4,27:12,2,330,2,94,14,"Sunday Sep 9, 2018",2018-09-09 13:00:00,3:04,24,0,0,1,1,1,305,53,39,2,319,7,23,22,0,75,17,11,32:48,2,380,2,91,14,CLT,Indianapolis Colts,47.5 (over),Retractable Roof (Closed),Lucas Oil Stadium,Fieldturf,1:00pm,Cincinnati Bengals -1.0,,Away,CIN,Cincinnati Bengals,Colts (deferred),1
201809090sdg,25351,19,0,0,0,0,0,256,27,15,4,256,6,38,27,0,106,10,4,25:34,1,362,0,50,0,"Sunday Sep 9, 2018",2018-09-09 16:05:00,3:08,33,1,1,2,1,1,418,51,34,3,424,7,28,22,0,123,11,3,34:26,1,541,2,45,6,SDG,Los Angeles Chargers,48.0 (over),Outdoors,StubHub Center,Grass,4:05pm,Los Angeles Chargers -3.5,"84 degrees, wind 8 mph",Away,KAN,Kansas City Chiefs,Chiefs (deferred),1
201809090car,74532,17,1,0,1,1,0,138,29,19,0,170,10,8,22,1,94,11,2,29:24,6,232,1,85,32,"Sunday Sep 9, 2018",2018-09-09 16:25:00,3:02,20,0,0,2,1,0,146,26,17,0,161,9,16,32,2,147,12,4,30:36,3,293,1,80,15,DAL,Dallas Cowboys,42.5 (under),Outdoors,Bank of America Stadium,Grass,4:25pm,Carolina Panthers -2.5,"81 degrees, wind 9 mph",Home,CAR,Carolina Panthers,Panthers (deferred),1
201809090den,76761,13,0,0,3,1,2,242,33,19,3,298,7,24,16,0,64,12,2,24:52,6,306,3,45,56,"Sunday Sep 9, 2018",2018-09-09 16:25:00,3:06,25,0,0,0,0,3,324,39,25,3,329,7,27,32,0,146,12,4,35:08,1,470,3,60,5,SEA,Seattle Seahawks,42.5 (over),Outdoors,Sports Authority Field at Mile High,Grass,4:25pm,Denver Broncos -3.0,"84 degrees, wind 5 mph",Home,DEN,Denver Broncos,Seahawks (deferred),1
201809090crd,61613,30,1,1,3,1,0,247,30,21,2,255,9,24,42,1,182,13,6,38:08,3,429,1,63,8,"Sunday Sep 9, 2018",2018-09-09 16:25:00,2:57,14,1,0,1,1,1,145,34,20,0,153,9,6,15,1,68,8,1,21:52,2,213,2,67,8,CRD,Arizona Cardinals,43.5 (under),Retractable Roof (Closed),State Farm Stadium,Grass,4:25pm,Arizona Cardinals -2.0,,Away,WAS,Washington Redskins,Cardinals (deferred),1
201809090gnb,78282,18,2,0,2,1,0,155,35,23,0,171,5,23,27,1,139,17,7,33:22,4,294,1,35,16,"Sunday Sep 9, 2018",2018-09-09 20:20:00,3:07,16,1,0,2,1,1,301,37,24,3,341,8,24,18,0,69,13,5,26:38,4,370,2,72,40,CHI,Chicago Bears,45.0 (over),Outdoors,Lambeau Field,Grass,8:20pm,Green Bay Packers -6.5,"62 degrees, wind 10 mph",Home,GNB,Green Bay Packers,Bears (deferred),1
201809100det,61352,18,3,2,1,1,1,180,21,16,2,198,7,48,36,2,169,14,6,33:07,2,349,2,49,18,"Monday Sep 10, 2018",2018-09-10 19:10:00,3:18,20,2,0,0,0,5,300,52,29,1,300,3,17,15,0,39,13,3,26:53,0,339,5,15,0,DET,Detroit Lions,44.0 (over),Dome,Ford Field,Fieldturf,7:10pm,Detroit Lions -7.0,,Away,NYJ,New York Jets,Lions (deferred),1
201809100rai,53857,23,0,0,1,0,0,225,33,18,2,233,8,33,26,0,140,11,4,28:29,1,365,0,70,8,"Monday Sep 10, 2018",2018-09-10 22:20:00,3:10,20,0,0,0,0,3,300,40,29,0,303,11,13,23,1,95,11,5,31:31,1,395,3,155,3,RAI,Oakland Raiders,47.5 (under),Outdoors,Oakland-Alameda County Coliseum,Grass,10:20pm,Los Angeles Rams -6.5,"69 degrees, wind 10 mph",Away,RAM,Los Angeles Rams,Rams (deferred),1
201809130cin,50018,28,4,2,2,1,2,359,55,32,2,376,7,23,22,1,66,16,7,28:10,4,425,3,51,17,"Thursday Sep 13, 2018",2018-09-13 20:20:00,3:26,24,0,0,1,0,0,265,42,24,4,265,9,34,28,0,108,13,5,31:50,0,373,0,92,0,RAV,Baltimore Ravens,43.0 (over),Outdoors,Paul Brown Stadium,Fieldturf,8:20pm,Cincinnati Bengals -1.0,"82 degrees, wind 3 mph",Home,CIN,Cincinnati Bengals,Bengals (deferred),2
201809160buf,69187,21,0,0,2,0,0,240,27,23,3,256,6,31,26,1,109,9,3,33:02,2,349,0,45,16,"Sunday Sep 16, 2018",2018-09-16 13:00:00,3:07,17,0,0,1,0,2,209,33,18,1,245,6,20,22,1,84,14,5,26:58,5,293,2,31,36,BUF,Buffalo Bills,41.5 (over),Outdoors,New Era Field,A_Turf,1:00pm,Los Angeles Chargers -7.5,"83 degrees, wind 6 mph",Away,SDG,Los Angeles Chargers,Bills (deferred),2
201809160atl,72528,27,1,1,0,0,1,318,45,32,3,335,7,24,18,0,121,11,5,30:18,2,439,1,49,17,"Sunday Sep 16, 2018",2018-09-16 13:00:00,3:08,23,0,0,3,0,1,272,28,23,2,272,2,31,32,2,170,11,6,29:42,0,442,1,26,0,CAR,Carolina Panthers,44.0 (over),Retractable Roof (Open),Mercedes-Benz Stadium,Fieldturf,1:00pm,Atlanta Falcons -5.5,,Home,ATL,Atlanta Falcons,Falcons (deferred),2
201809160was,57013,17,0,0,1,0,2,177,31,21,2,179,6,21,28,1,104,16,9,26:40,1,281,2,26,2,"Sunday Sep 16, 2018",2018-09-16 13:00:00,2:53,20,2,1,2,1,0,269,46,33,0,292,7,9,22,0,65,15,5,33:20,3,334,1,90,23,WAS,Washington Redskins,48.0 (under),Outdoors,FedExField,Grass,1:00pm,Washington Redskins -6.0,"71 degrees, wind 5 mph",Away,CLT,Indianapolis Colts,Redskins (deferred),2
201809160tam,56552,24,5,3,2,2,0,321,48,35,1,334,6,21,24,2,91,15,5,35:39,3,412,2,55,13,"Sunday Sep 16, 2018",2018-09-16 13:00:00,3:13,18,0,0,1,1,1,393,33,27,4,402,4,27,23,0,43,10,4,24:21,2,436,2,44,9,PHI,Philadelphia Eagles,46.5 (over),Outdoors,Raymond James Stadium,Grass,1:00pm,Philadelphia Eagles -3.0,"91 degrees, wind 9 mph",Home,TAM,Tampa Bay Buccaneers,Eagles (deferred),2
201809160pit,63956,24,0,0,3,1,0,322,28,23,6,326,12,42,25,0,127,5,2,27:49,1,449,1,76,4,"Sunday Sep 16, 2018",2018-09-16 13:00:00,3:23,33,2,2,1,0,0,442,60,39,3,452,12,37,13,2,33,11,3,32:11,1,475,0,90,10,PIT,Pittsburgh Steelers,52.0 (over),Outdoors,Heinz Field,Grass,1:00pm,Pittsburgh Steelers -4.5,"80 degrees, wind 10 mph",Away,KAN,Kansas City Chiefs,Chiefs (deferred),2
201809160oti,62372,21,0,0,2,0,1,289,32,22,2,310,11,17,26,0,148,11,5,29:38,4,437,1,88,21,"Sunday Sep 16, 2018",2018-09-16 13:00:00,2:57,15,2,2,1,0,0,183,22,15,2,191,8,20,34,0,100,15,5,30:22,1,283,0,70,8,HTX,Houston Texans,41.0 (under),Outdoors,Nissan Stadium,Grass,1:00pm,Houston Texans -3.5,"81 degrees, wind 12 mph",Home,OTI,Tennessee Titans,Titans (deferred),2
201809160nyj,77982,18,0,0,3,2,0,122,23,17,2,168,2,20,31,1,135,13,6,28:25,4,257,2,10,46,"Sunday Sep 16, 2018",2018-09-16 13:00:00,3:04,21,0,0,4,1,2,320,41,25,1,334,7,12,19,0,42,10,3,31:35,3,362,3,50,14,NYJ,New York Jets,43.0 (under),Outdoors,MetLife Stadium,Fieldturf,1:00pm,New York Jets -3.0,"80 degrees, wind 4 mph",Away,MIA,Miami Dolphins,Jets (deferred),2
201809160nor,73086,16,2,1,3,0,1,234,30,22,1,246,4,18,27,1,93,12,4,27:19,3,327,1,43,12,"Sunday Sep 16, 2018",2018-09-16 13:00:00,2:55,18,0,0,2,2,0,213,35,28,2,243,4,21,23,0,62,12,3,32:41,3,275,2,53,30,CLE,Cleveland Browns,51.0 (under),Dome,Mercedes-Benz Superdome,Sportturf,1:00pm,New Orleans Saints -10.0,,Home,NOR,New Orleans Saints,Saints (deferred),2
201809160gnb,78461,24,0,0,0,0,1,412,48,35,4,425,8,29,18,0,68,14,7,31:52,2,480,1,70,13,"Sunday Sep 16, 2018",2018-09-16 13:00:00,3:37,24,0,0,2,0,0,253,42,30,1,281,7,29,24,0,98,13,4,38:08,4,351,0,54,28,GNB,Green Bay Packers,45.0 (over),Outdoors,Lambeau Field,Grass,1:00pm,Minnesota Vikings -2.0,"80 degrees, wind 5 mph",Away,MIN,Minnesota Vikings,Vikings (deferred),2
201809160sfo,70164,25,1,0,1,1,0,329,53,34,3,347,10,27,18,0,98,16,7,30:26,2,427,1,105,18,"Sunday Sep 16, 2018",2018-09-16 16:05:00,3:20,23,0,0,1,0,0,156,26,18,2,206,9,30,28,1,190,11,3,29:34,6,346,0,86,50,DET,Detroit Lions,48.5 (over),Outdoors,Levi's Stadium,Grass,4:05pm,San Francisco 49ers -6.0,"73 degrees, wind 12 mph",Home,SFO,San Francisco 49ers,49ers (deferred),2
201809160ram,66515,5,1,1,0,0,1,83,27,17,0,90,9,0,15,0,54,12,3,25:52,1,137,1,47,7,"Sunday Sep 16, 2018",2018-09-16 16:05:00,2:45,24,3,1,0,0,1,342,32,24,1,354,5,34,33,3,90,15,8,34:08,2,432,1,49,12,CRD,Arizona Cardinals,43.5 (under),Outdoors,Los Angeles Memorial Coliseum,Grass,4:05pm,Los Angeles Rams -13.5,"86 degrees, wind 2 mph",Home,RAM,Los Angeles Rams,Cardinals (deferred),2
201809160jax,68527,18,0,0,1,1,0,220,35,24,2,234,2,20,24,0,82,12,4,29:14,2,302,1,25,14,"Sunday Sep 16, 2018",2018-09-16 16:25:00,3:02,27,0,0,2,1,1,376,45,29,4,376,7,31,24,0,104,14,10,30:46,0,480,2,71,0,NWE,New England Patriots,44.5 (over),Outdoors,TIAA Bank Stadium,Grass,4:25pm,New England Patriots -2.0,"97 degrees, wind 15 mph",Home,JAX,Jacksonville Jaguars,Patriots,2
201809160den,76696,21,1,0,0,0,0,281,32,29,1,288,4,19,27,1,92,10,3,32:56,1,373,0,30,7,"Sunday Sep 16, 2018",2018-09-16 16:25:00,3:07,20,1,1,0,0,1,217,35,19,0,222,6,20,28,2,168,16,8,27:04,1,385,1,35,5,RAI,Oakland Raiders,44.0 (under),Outdoors,Sports Authority Field at Mile High,Grass,4:25pm,Denver Broncos -5.5,"92 degrees, wind 4 mph",Home,DEN,Denver Broncos,Broncos (deferred),2
201809160dal,90512,17,2,2,1,1,0,220,44,33,1,279,3,13,17,0,35,17,8,32:12,6,255,1,24,59,"Sunday Sep 16, 2018",2018-09-16 20:20:00,2:50,16,1,1,1,0,0,160,25,16,1,160,6,20,25,1,138,10,3,27:48,0,298,0,47,0,NYG,New York Giants,42.0 (under),Retractable Roof (Closed),AT&T Stadium,Matrixturf,8:20pm,Dallas Cowboys -3.0,,Home,DAL,Dallas Cowboys,Giants (deferred),2
201809170chi,57960,17,0,0,3,1,1,202,36,22,2,226,5,17,22,0,74,13,5,25:36,6,276,2,37,24,"Monday Sep 17, 2018",2018-09-17 20:15:00,2:59,20,1,1,0,0,2,185,34,25,2,200,7,24,27,0,86,12,5,34:24,2,271,2,55,15,SEA,Seattle Seahawks,42.5 (under),Outdoors,Soldier Field,Grass,8:15pm,Chicago Bears -4.5,"79 degrees, wind 2 mph",Home,CHI,Chicago Bears,Bears (deferred),2
201809200cle,67431,14,1,1,2,1,2,161,31,15,0,169,6,17,30,2,107,15,6,29:08,2,268,3,55,8,"Thursday Sep 20, 2018",2018-09-20 20:20:00,3:13,20,0,0,2,0,0,190,37,21,0,220,5,21,33,2,133,18,7,30:52,4,323,0,41,30,NYJ,New York Jets,41.0 (under),Outdoors,FirstEnergy Stadium,Grass,8:20pm,Cleveland Browns -3.0,"83 degrees, wind 11 mph",Home,CLE,Cleveland Browns,Jets (deferred),3
201809230car,72161,25,0,0,0,0,4,330,46,29,2,352,4,21,13,1,66,10,4,26:05,2,396,4,36,22,"Sunday Sep 23, 2018",2018-09-23 13:00:00,3:07,23,1,0,1,0,0,147,24,15,2,150,3,31,41,2,230,13,6,33:55,1,377,0,17,3,CIN,Cincinnati Bengals,44.0 (over),Outdoors,Bank of America Stadium,Grass,1:00pm,Carolina Panthers -2.5,"80 degrees, wind 3 mph",Home,CAR,Carolina Panthers,Bengals (deferred),3
201809230atl,74457,32,1,1,1,0,0,391,49,39,3,396,11,43,27,2,143,14,7,37:45,1,534,0,120,5,"Sunday Sep 23, 2018",2018-09-23 13:00:00,3:38,24,0,0,0,0,0,359,35,26,5,374,5,37,22,0,48,11,4,29:20,3,407,0,54,15,ATL,Atlanta Falcons,54.0 (over),Retractable Roof (Closed),Mercedes-Benz Stadium,Fieldturf,1:00pm,Atlanta Falcons -1.5,,Away,NOR,New Orleans Saints,Falcons (deferred),3
201809230was,59827,19,2,0,2,1,0,240,45,27,2,265,11,17,17,0,100,14,6,30:55,4,340,1,115,25,"Sunday Sep 23, 2018",2018-09-23 13:00:00,3:16,20,0,0,0,0,1,220,20,12,2,220,6,31,35,2,166,11,5,29:05,0,386,1,66,0,GNB,Green Bay Packers,45.5 (over),Outdoors,FedExField,Grass,1:00pm,Green Bay Packers -2.5,"62 degrees, wind 6 mph",Home,WAS,Washington Redskins,Packers (deferred),3
201809230rav,70156,18,1,0,1,0,1,173,34,22,0,192,13,14,24,2,120,14,6,29:46,3,293,1,120,19,"Sunday Sep 23, 2018",2018-09-23 13:00:00,3:10,20,0,0,1,0,0,265,40,25,1,277,7,27,28,2,77,16,8,30:14,2,342,0,52,12,DEN,Denver Broncos,46.0 (under),Outdoors,M&T Bank Stadium,Grass,1:00pm,Baltimore Ravens -5.5,"61 degrees, wind 5 mph",Home,RAV,Baltimore Ravens,Broncos (deferred),3
201809230phi,69696,14,2,1,0,0,0,141,41,25,1,164,11,16,13,0,68,12,2,19:48,2,209,0,77,23,"Sunday Sep 23, 2018",2018-09-23 13:00:00,3:10,26,0,0,4,1,1,227,37,25,1,255,10,20,35,1,152,14,6,40:12,5,379,2,110,28,CLT,Indianapolis Colts,45.5 (under),Outdoors,Lincoln Financial Field,Grass,1:00pm,Philadelphia Eagles -6.5,"61 degrees, wind 5 mph",Home,PHI,Philadelphia Eagles,Eagles (deferred),3
201809230min,66800,16,1,1,3,0,0,164,22,15,1,196,12,27,38,2,128,13,4,35:45,3,292,0,84,32,"Sunday Sep 23, 2018",2018-09-23 13:00:00,3:06,21,1,0,4,2,1,278,55,40,1,296,6,6,6,0,14,14,5,24:15,4,292,3,59,18,MIN,Minnesota Vikings,41.0 (under),Dome,U.S. Bank Stadium,Sportturf,1:00pm,Minnesota Vikings -16.5,,Away,BUF,Buffalo Bills,Vikings (deferred),3
201809230mia,65667,25,1,0,1,0,2,325,39,27,1,345,8,20,32,1,109,13,7,38:31,3,434,2,38,20,"Sunday Sep 23, 2018",2018-09-23 13:00:00,3:04,13,0,0,0,0,0,332,24,18,4,341,9,28,14,0,41,8,2,21:29,1,373,0,74,9,RAI,Oakland Raiders,46.0 (over),Outdoors,Hard Rock Stadium,Grass,1:00pm,Miami Dolphins -3.0,"90 degrees, wind 7 mph",Home,MIA,Miami Dolphins,Dolphins (deferred),3
201809230kan,76023,26,2,2,3,0,0,228,30,20,2,251,14,27,29,1,178,9,2,29:59,4,406,0,147,23,"Sunday Sep 23, 2018",2018-09-23 13:00:00,3:16,31,1,1,2,0,0,307,38,24,3,314,6,38,28,2,77,11,7,30:01,2,384,0,48,7,SFO,San Francisco 49ers,53.0 (over),Outdoors,Arrowhead Stadium,Grass,1:00pm,Kansas City Chiefs -5.5,"70 degrees, wind 4 mph",Home,KAN,Kansas City Chiefs,Chiefs (deferred),3
201809230jax,64015,15,0,0,0,0,0,83,21,13,0,108,4,9,35,0,150,15,5,32:47,3,233,0,30,25,"Sunday Sep 23, 2018",2018-09-23 13:00:00,2:56,12,1,0,2,1,0,145,34,21,0,155,8,6,19,0,87,14,5,27:13,3,232,1,75,10,JAX,Jacksonville Jaguars,39.0 (under),Outdoors,TIAA Bank Stadium,Grass,1:00pm,Jacksonville Jaguars -10.0,"89 degrees, wind 10 mph",Away,OTI,Tennessee Titans,Titans (deferred),3
201809230htx,71838,21,0,0,2,0,0,265,29,25,2,297,3,27,27,1,114,13,7,35:30,4,379,0,20,32,"Sunday Sep 23, 2018",2018-09-23 13:00:00,2:58,21,2,2,1,1,1,368,40,24,2,385,7,22,19,0,59,12,5,24:30,3,427,2,50,17,HTX,Houston Texans,44.0 (over),Retractable Roof (Closed),NRG Stadium,Astroturf,1:00pm,Houston Texans -6.5,,Away,NYG,New York Giants,Giants (deferred),3
201809230ram,68947,16,2,1,2,2,0,215,30,18,2,226,4,23,20,1,141,13,7,25:44,2,356,2,30,11,"Sunday Sep 23, 2018",2018-09-23 16:05:00,2:57,33,0,0,1,1,1,350,36,29,3,354,6,35,35,1,171,11,8,34:16,1,521,2,64,4,SDG,Los Angeles Chargers,49.0 (over),Outdoors,Los Angeles Memorial Coliseum,Grass,4:05pm,Los Angeles Rams -7.5,"80 degrees, wind 5 mph",Home,RAM,Los Angeles Rams,Chargers (deferred),3
201809230sea,69047,17,2,1,1,1,2,137,34,19,1,168,7,13,19,0,166,13,3,27:16,5,303,3,55,31,"Sunday Sep 23, 2018",2018-09-23 16:25:00,3:03,18,0,0,1,0,0,182,26,16,2,192,10,24,39,1,113,16,7,32:44,2,295,0,67,10,DAL,Dallas Cowboys,40.0 (under),Outdoors,CenturyLink Field,Fieldturf,4:25pm,Seattle Seahawks -1.0,"61 degrees, wind 4 mph",Home,SEA,Seattle Seahawks,Seahawks (deferred),3
201809230crd,62163,21,1,1,1,1,1,194,35,24,0,220,7,16,31,1,122,14,5,36:21,3,316,2,45,26,"Sunday Sep 23, 2018",2018-09-23 16:25:00,3:07,13,1,0,2,1,3,168,26,17,2,193,6,14,18,0,53,10,3,23:39,4,221,4,43,25,CRD,Arizona Cardinals,39.0 (under),Retractable Roof (Closed),State Farm Stadium,Grass,4:25pm,Chicago Bears -5.5,,Away,CHI,Chicago Bears,Bears (deferred),3
201809230det,61769,12,1,0,0,0,1,120,26,14,1,133,5,10,19,0,89,9,2,20:45,2,209,1,38,13,"Sunday Sep 23, 2018",2018-09-23 20:20:00,2:47,25,0,0,1,0,1,255,36,27,2,262,6,26,33,0,159,14,7,39:15,1,414,1,70,7,NWE,New England Patriots,55.0 (under),Dome,Ford Field,Fieldturf,8:20pm,New England Patriots -7.0,,Home,DET,Detroit Lions,Lions (deferred),3
201809240tam,62571,22,0,0,1,0,1,335,38,30,3,353,13,30,22,0,78,11,3,30:21,3,413,1,155,18,"Monday Sep 24, 2018",2018-09-24 20:15:00,3:19,28,1,1,1,1,3,392,50,30,3,411,9,27,16,0,63,9,3,29:39,3,455,4,80,19,TAM,Tampa Bay Buccaneers,55.0 (over),Outdoors,Raymond James Stadium,Grass,8:15pm,Tampa Bay Buccaneers -1.0,"77 degrees, wind 5 mph",Away,PIT,Pittsburgh Steelers,Buccaneers (deferred),3
201809270ram,72027,25,2,2,1,1,0,392,50,36,3,422,4,31,17,0,54,16,8,32:14,4,446,1,35,30,"Thursday Sep 27, 2018",2018-09-27 20:20:00,3:07,25,1,0,1,0,0,456,34,26,5,465,2,38,20,0,100,6,1,27:46,1,556,0,15,9,MIN,Minnesota Vikings,48.5 (over),Outdoors,Los Angeles Memorial Coliseum,Grass,8:20pm,Los Angeles Rams -7.5,"75 degrees, wind 3 mph",Home,RAM,Los Angeles Rams,Rams (deferred),4
201809300chi,61893,16,2,2,1,0,3,251,38,25,1,271,11,10,18,0,60,12,3,31:54,4,311,3,99,20,"Sunday Sep 30, 2018",2018-09-30 13:00:00,2:57,28,0,0,0,0,0,344,26,19,6,354,4,48,31,0,139,8,4,28:06,1,483,0,38,10,TAM,Tampa Bay Buccaneers,46.0 (over),Outdoors,Soldier Field,Grass,1:00pm,Chicago Bears -3.0,"66 degrees, wind 5 mph",Home,CHI,Chicago Bears,Buccaneers (deferred),4
201809300atl,71985,30,2,2,0,0,1,308,41,29,3,337,6,37,23,2,99,12,7,30:38,3,407,1,55,29,"Sunday Sep 30, 2018",2018-09-30 13:00:00,3:25,25,1,0,0,0,0,403,39,29,3,419,10,36,24,1,92,15,11,29:22,3,495,0,95,16,ATL,Atlanta Falcons,52.5 (over),Retractable Roof (Closed),Mercedes-Benz Stadium,Fieldturf,1:00pm,Atlanta Falcons -3.5,,Away,CIN,Cincinnati Bengals,Bengals (deferred),4
201809300oti,69013,25,0,0,3,1,0,315,50,33,2,348,8,23,22,0,117,15,5,34:25,4,432,1,77,33,"Sunday Sep 30, 2018",2018-09-30 13:00:00,3:36,22,3,3,1,0,1,327,43,30,2,344,4,26,22,1,70,16,5,35:30,3,397,1,30,17,PHI,Philadelphia Eagles,41.5 (over),Outdoors,Nissan Stadium,Grass,1:00pm,Philadelphia Eagles -3.0,"80 degrees, wind 4 mph",Home,OTI,Tennessee Titans,Eagles (deferred),4
201809300nwe,65878,11,1,1,1,1,1,116,25,15,1,135,10,7,18,0,56,11,3,23:38,2,172,2,89,19,"Sunday Sep 30, 2018",2018-09-30 13:00:00,2:56,26,0,0,0,0,2,274,35,23,3,274,6,38,40,2,175,15,10,36:22,0,449,2,57,0,MIA,Miami Dolphins,50.5 (under),Outdoors,Gillette Stadium,Fieldturf,1:00pm,New England Patriots -6.5,"65 degrees, wind 6 mph",Home,NWE,New England Patriots,Patriots (deferred),4
201809300jax,65353,10,1,0,0,0,0,144,34,17,1,167,6,12,14,0,34,13,3,22:25,3,178,0,43,23,"Sunday Sep 30, 2018",2018-09-30 13:00:00,3:12,23,1,1,4,2,1,377,38,29,2,388,9,31,34,1,126,15,6,37:35,2,503,3,89,11,NYJ,New York Jets,40.5 (over),Outdoors,TIAA Bank Stadium,Grass,1:00pm,Jacksonville Jaguars -7.5,"86 degrees, wind 10 mph",Home,JAX,Jacksonville Jaguars,Jaguars (deferred),4
201809300gnb,78312,11,0,0,1,1,2,87,33,16,0,151,3,0,16,0,58,16,3,25:23,7,145,3,20,64,"Sunday Sep 30, 2018",2018-09-30 13:00:00,3:11,22,1,0,3,1,1,282,40,22,1,298,5,22,32,1,141,19,11,34:37,2,423,2,60,16,BUF,Buffalo Bills,43.5 (under),Outdoors,Lambeau Field,Grass,1:00pm,Green Bay Packers -8.5,"49 degrees, wind 9 mph",Home,GNB,Green Bay Packers,Packers (deferred),4
201809300dal,90155,18,0,0,0,0,0,286,30,24,2,307,8,24,20,1,96,11,6,29:55,3,382,0,58,21,"Sunday Sep 30, 2018",2018-09-30 13:00:00,2:58,26,1,1,2,0,0,231,27,17,2,255,2,26,35,0,183,12,5,30:05,3,414,0,20,24,DET,Detroit Lions,43.5 (over),Retractable Roof (Closed),AT&T Stadium,Matrixturf,1:00pm,Dallas Cowboys -2.5,,Home,DAL,Dallas Cowboys,Cowboys (deferred),4
201809300clt,57716,30,1,1,0,0,1,347,42,29,2,375,10,37,35,1,119,16,8,40:04,7,466,1,54,28,"Sunday Sep 30, 2018",2018-09-30 13:00:00,3:57,28,1,0,3,2,0,437,62,40,4,464,10,34,17,0,41,17,10,29:56,4,478,2,85,27,CLT,Indianapolis Colts,48.0 (over),Retractable Roof (Closed),Lucas Oil Stadium,Fieldturf,1:00pm,Houston Texans -1.0,,Away,HTX,Houston Texans,Texans (deferred),4
201809300rai,53387,21,1,1,3,2,2,279,41,21,2,295,8,42,31,3,208,15,5,31:23,2,487,4,55,16,"Sunday Sep 30, 2018",2018-09-30 16:05:00,4:04,27,1,0,0,0,2,426,58,35,4,437,6,45,29,0,139,16,5,36:51,3,565,2,65,11,CLE,Cleveland Browns,44.5 (over),Outdoors,Oakland-Alameda County Coliseum,Grass,4:05pm,Oakland Raiders -2.5,"71 degrees, wind 8 mph",Home,RAI,Oakland Raiders,Browns (deferred),4
201809300crd,61845,19,2,1,3,0,0,160,26,19,0,172,8,20,34,2,171,10,0,31:46,2,331,0,57,12,"Sunday Sep 30, 2018",2018-09-30 16:05:00,3:05,18,0,0,2,1,0,171,27,15,1,180,5,17,28,1,92,12,5,28:14,1,263,1,38,9,CRD,Arizona Cardinals,40.0 (under),Retractable Roof (Closed),State Farm Stadium,Grass,4:05pm,Seattle Seahawks -3.5,,Away,SEA,Seattle Seahawks,Cardinals (deferred),4
201809300sdg,25397,22,0,0,2,0,2,288,37,23,2,298,4,27,21,0,76,12,5,27:34,1,364,2,29,10,"Sunday Sep 30, 2018",2018-09-30 16:25:00,3:13,21,1,1,1,0,1,242,39,25,3,250,5,29,27,0,126,14,4,32:26,1,368,1,49,8,SFO,San Francisco 49ers,46.0 (over),Outdoors,StubHub Center,Grass,4:25pm,Los Angeles Chargers -10.5,"78 degrees, wind 9 mph",Home,SDG,Los Angeles Chargers,Chargers,4
201809300nyg,78213,25,1,1,1,0,0,219,34,19,0,227,5,33,32,3,170,13,5,31:00,1,389,0,51,8,"Sunday Sep 30, 2018",2018-09-30 16:25:00,3:02,22,0,0,2,2,0,234,41,31,1,255,6,18,15,1,65,10,5,29:00,3,299,2,67,21,NYG,New York Giants,51.5 (under),Outdoors,MetLife Stadium,Fieldturf,4:25pm,New Orleans Saints -3.5,"71 degrees, wind 7 mph",Away,NOR,New Orleans Saints,Giants (deferred),4
201809300pit,62030,24,1,1,1,1,0,355,42,28,2,363,7,26,30,0,96,17,8,35:03,2,451,1,50,8,"Sunday Sep 30, 2018",2018-09-30 20:20:00,3:08,14,1,0,1,1,1,265,47,27,1,274,5,14,11,0,19,12,2,24:57,1,284,2,40,9,PIT,Pittsburgh Steelers,51.0 (under),Outdoors,Heinz Field,Grass,8:20pm,Pittsburgh Steelers -3.0,"69 degrees, wind 2 mph",Away,RAV,Baltimore Ravens,Steelers (deferred),4
201810010den,76656,22,2,2,1,0,0,304,45,28,1,304,10,27,26,2,142,15,7,35:02,1,446,0,93,0,"Monday Oct 1, 2018",2018-10-01 20:15:00,3:04,21,3,2,0,0,1,226,33,21,0,245,3,23,22,2,159,11,2,24:58,4,385,1,25,19,DEN,Denver Broncos,53.5 (under),Outdoors,Sports Authority Field at Mile High,Grass,8:15pm,Kansas City Chiefs -3.5,"65 degrees, wind 5 mph",Away,KAN,Kansas City Chiefs,Chiefs (deferred),4
201810040nwe,65878,26,3,2,1,1,2,355,59,38,3,365,4,24,21,0,84,15,7,32:26,1,439,3,35,10,"Thursday Oct 4, 2018",2018-10-04 20:20:00,3:14,26,0,0,0,0,2,341,44,34,3,341,7,38,23,2,97,10,5,27:34,0,438,2,50,0,CLT,Indianapolis Colts,49.5 (over),Outdoors,Gillette Stadium,Fieldturf,8:20pm,New England Patriots -10.5,"66 degrees, wind 6 mph",Home,NWE,New England Patriots,Colts (deferred),5
201810070car,74221,18,2,1,2,1,2,382,37,23,3,383,8,31,16,0,50,7,0,24:33,1,432,3,62,1,"Sunday Oct 7, 2018",2018-10-07 13:00:00,3:21,21,1,1,1,0,2,232,35,21,2,237,4,33,31,0,118,13,4,35:27,1,350,2,22,5,NYG,New York Giants,43.5 (over),Outdoors,Bank of America Stadium,Grass,1:00pm,Carolina Panthers -7.0,"80 degrees, wind 3 mph",Home,CAR,Carolina Panthers,Panthers (deferred),5
201810070buf,68202,15,0,0,3,2,1,121,26,14,0,129,5,12,25,0,100,12,6,26:11,2,221,3,40,8,"Sunday Oct 7, 2018",2018-10-07 13:00:00,2:46,18,3,2,0,0,1,79,20,10,0,82,4,13,43,1,144,13,4,33:49,1,223,1,30,3,OTI,Tennessee Titans,38.5 (under),Outdoors,New Era Field,A_Turf,1:00pm,Tennessee Titans -6.0,"62 degrees, wind 8 mph",Home,BUF,Buffalo Bills,Bills (deferred),5
201810070pit,64781,22,3,1,1,1,0,262,45,31,1,305,7,17,19,1,62,14,6,30:52,6,324,1,75,43,"Sunday Oct 7, 2018",2018-10-07 13:00:00,3:02,22,0,0,1,0,1,250,29,19,3,250,7,41,29,2,131,12,9,29:08,0,381,1,58,0,ATL,Atlanta Falcons,57.0 (over),Outdoors,Heinz Field,Grass,1:00pm,Pittsburgh Steelers -3.5,"83 degrees, wind 5 mph",Home,PIT,Pittsburgh Steelers,Falcons (deferred),5
201810070nyj,77982,26,1,0,2,0,1,344,51,35,2,377,6,16,17,0,92,14,4,31:06,4,436,1,45,33,"Sunday Oct 7, 2018",2018-10-07 13:00:00,3:09,18,0,0,1,1,1,189,22,10,3,198,4,34,38,1,323,13,6,28:54,1,512,2,33,9,DEN,Denver Broncos,43.0 (over),Outdoors,MetLife Stadium,Fieldturf,1:00pm,New York Jets -1.0,"77 degrees, wind 7 mph",Home,NYJ,New York Jets,Jets (deferred),5
201810070kan,75289,29,5,3,1,1,4,401,61,33,1,430,5,14,17,1,101,16,7,27:17,5,502,5,45,29,"Sunday Oct 7, 2018",2018-10-07 13:00:00,3:24,26,0,0,0,0,2,298,38,22,0,313,11,30,30,2,126,12,4,32:43,1,424,2,105,15,JAX,Jacksonville Jaguars,48.0 (under),Outdoors,Arrowhead Stadium,Grass,1:00pm,Kansas City Chiefs -3.0,"58 degrees, wind 5 mph",Home,KAN,Kansas City Chiefs,Chiefs (deferred),5
201810070det,63405,30,2,2,3,3,0,423,52,32,3,442,12,23,20,0,98,10,3,33:20,4,521,3,112,19,"Sunday Oct 7, 2018",2018-10-07 13:00:00,3:23,18,0,0,0,0,0,170,26,14,2,183,8,31,28,2,94,13,5,26:40,3,264,0,71,13,GNB,Green Bay Packers,50.0 (over),Dome,Ford Field,Fieldturf,1:00pm,Detroit Lions -1.0,,Home,DET,Detroit Lions,Packers (deferred),5
201810070cle,67431,25,1,1,2,1,1,294,57,29,0,298,4,9,25,0,116,16,4,33:42,2,410,2,41,4,"Sunday Oct 7, 2018",2018-10-07 13:00:00,3:36,20,1,0,1,0,1,304,43,25,1,342,10,12,28,0,112,19,6,36:16,5,416,1,66,38,RAV,Baltimore Ravens,44.5 (under),Outdoors,FirstEnergy Stadium,Grass,1:00pm,Baltimore Ravens -3.0,"72 degrees, wind 5 mph",Home,CLE,Cleveland Browns,Browns (deferred),5
201810070cin,52708,17,1,1,1,1,2,169,35,20,1,185,9,17,22,0,128,13,4,29:25,3,297,3,85,16,"Sunday Oct 7, 2018",2018-10-07 13:00:00,3:02,17,0,0,0,0,1,229,30,20,1,248,6,27,26,0,103,11,2,30:35,2,332,1,47,19,MIA,Miami Dolphins,47.5 (under),Outdoors,Paul Brown Stadium,Fieldturf,1:00pm,Cincinnati Bengals -6.5,"87 degrees, wind 4 mph",Home,CIN,Cincinnati Bengals,Dolphins,5
201810070sdg,25362,14,1,1,1,1,1,248,33,24,1,268,7,10,13,0,41,11,4,25:20,3,289,2,55,20,"Sunday Oct 7, 2018",2018-10-07 16:05:00,2:49,19,0,0,0,0,0,333,27,22,2,339,9,26,31,1,79,13,7,34:40,1,412,0,82,6,RAI,Oakland Raiders,52.0 (under),Outdoors,StubHub Center,Grass,4:05pm,Los Angeles Chargers -5.0,"75 degrees, wind 10 mph",Home,SDG,Los Angeles Chargers,Chargers,5
201810070sfo,68337,10,0,0,1,0,0,164,25,10,1,170,5,28,23,2,56,12,2,19:48,1,220,0,46,6,"Sunday Oct 7, 2018",2018-10-07 16:25:00,3:17,33,2,1,4,3,2,300,54,34,2,349,9,18,34,1,147,17,10,40:12,4,447,5,65,49,SFO,San Francisco 49ers,40.5 (over),Outdoors,Levi's Stadium,Grass,4:25pm,San Francisco 49ers -3.0,"79 degrees, wind 15 mph",Away,CRD,Arizona Cardinals,Cardinals (deferred),5
201810070sea,68893,30,1,1,2,0,2,313,32,23,1,321,7,33,30,3,155,9,3,29:30,1,468,2,45,8,"Sunday Oct 7, 2018",2018-10-07 16:25:00,3:12,20,0,0,0,0,0,183,21,13,3,198,7,31,32,1,190,12,7,30:30,2,373,0,50,15,SEA,Seattle Seahawks,50.5 (over),Outdoors,CenturyLink Field,Fieldturf,4:25pm,Los Angeles Rams -7.5,"53 degrees, wind 5 mph",Away,RAM,Los Angeles Rams,Seahawks (deferred),5
201810070phi,69696,19,0,0,2,1,0,298,37,30,1,301,4,23,23,0,77,11,4,32:47,1,375,1,23,3,"Sunday Oct 7, 2018",2018-10-07 16:25:00,3:02,21,1,1,2,2,0,283,35,24,2,311,8,21,17,0,81,9,2,27:13,3,364,2,52,28,PHI,Philadelphia Eagles,48.0 (under),Outdoors,Lincoln Financial Field,Grass,4:25pm,Philadelphia Eagles -3.5,"79 degrees, wind 6 mph",Away,MIN,Minnesota Vikings,Eagles (deferred),5
201810070htx,72008,14,1,1,0,0,2,194,29,18,1,208,7,16,29,0,98,14,4,31:32,2,292,2,72,14,"Sunday Oct 7, 2018",2018-10-07 20:20:00,3:23,25,1,0,2,1,1,374,44,33,1,375,5,19,31,0,88,15,5,36:38,1,462,2,25,1,DAL,Dallas Cowboys,45.5 (under),Retractable Roof (Closed),NRG Stadium,Astroturf,8:20pm,Houston Texans -3.5,,Home,HTX,Houston Texans,Texans (deferred),5
201810080nor,73028,18,4,2,1,1,1,244,39,23,0,275,6,19,18,2,39,13,4,26:43,3,283,2,38,31,"Monday Oct 8, 2018",2018-10-08 20:15:00,3:05,27,0,0,2,1,0,349,29,26,3,363,4,43,32,3,98,9,5,33:17,2,447,1,45,14,WAS,Washington Redskins,51.5 (over),Dome,Mercedes-Benz Superdome,Sportturf,8:15pm,New Orleans Saints -5.5,,Home,NOR,New Orleans Saints,Saints (deferred),5
201810110nyg,77167,23,0,0,3,0,0,271,36,26,3,278,4,34,31,1,108,16,9,32:30,1,379,0,25,7,"Thursday Oct 11, 2018",2018-10-11 20:20:00,3:13,17,1,0,2,0,1,254,43,24,0,281,5,13,17,1,147,14,4,27:30,4,401,1,61,27,NYG,New York Giants,45.0 (over),Outdoors,MetLife Stadium,Fieldturf,8:20pm,Philadelphia Eagles -1.5,"70 degrees, wind 3 mph",Away,PHI,Philadelphia Eagles,Eagles (deferred),6
201810140cin,60594,26,0,0,1,0,0,369,46,32,1,369,9,28,21,2,112,14,8,34:56,0,481,0,69,0,"Sunday Oct 14, 2018",2018-10-14 13:00:00,3:08,19,0,0,0,0,0,213,42,26,2,229,6,21,13,1,62,12,6,25:04,3,275,0,30,16,CIN,Cincinnati Bengals,49.5 (under),Outdoors,Paul Brown Stadium,Fieldturf,1:00pm,Cincinnati Bengals -1.5,"51 degrees, wind 6 mph",Away,PIT,Pittsburgh Steelers,Steelers,6
201810140atl,72665,30,0,0,3,0,2,389,41,30,4,395,4,29,20,0,121,8,5,28:21,2,510,2,20,6,"Sunday Oct 14, 2018",2018-10-14 13:00:00,3:09,26,0,0,2,0,0,347,41,31,3,355,5,34,22,1,70,13,8,31:39,1,417,0,30,8,TAM,Tampa Bay Buccaneers,57.0 (over),Retractable Roof (Closed),Mercedes-Benz Stadium,Fieldturf,1:00pm,Atlanta Falcons -3.0,,Home,ATL,Atlanta Falcons,Falcons (deferred),6
201810140was,60482,22,1,0,3,2,1,269,40,27,2,275,8,17,18,0,81,9,3,24:36,1,350,3,55,6,"Sunday Oct 14, 2018",2018-10-14 13:00:00,2:55,18,2,1,1,0,0,156,36,21,2,163,5,23,28,0,132,16,7,35:24,3,288,0,43,7,CAR,Carolina Panthers,44.5 (under),Outdoors,FedExField,Grass,1:00pm,Carolina Panthers -1.0,"52 degrees, no wind",Home,WAS,Washington Redskins,Redskins (deferred),6
201810140rai,84922,19,0,0,1,0,1,214,23,17,3,222,8,27,37,0,155,13,9,31:26,1,369,1,64,8,"Sunday Oct 14, 2018",2018-10-14 13:00:00,2:50,15,1,0,3,2,0,106,31,23,0,142,5,3,19,0,79,12,4,28:34,6,185,2,38,36,RAI,Oakland Raiders,48.0 (under),Outdoors,Wembley Stadium,Grass,1:00pm,Seattle Seahawks -3.0,"52 degrees, wind 10 mph",Away,SEA,Seattle Seahawks,Raiders (deferred),6
201810140nyj,77982,24,1,0,1,1,3,301,43,23,4,301,8,34,23,0,127,12,5,22:58,0,428,4,66,0,"Sunday Oct 14, 2018",2018-10-14 13:00:00,3:10,18,0,0,3,1,1,267,30,24,2,280,7,42,36,0,107,15,6,37:02,2,374,2,49,13,CLT,Indianapolis Colts,47.5 (over),Outdoors,MetLife Stadium,Fieldturf,1:00pm,New York Jets -2.5,"60 degrees, wind 7 mph",Home,NYJ,New York Jets,Jets (deferred),6
201810140min,66801,16,2,0,1,1,1,208,31,21,0,240,5,17,20,1,60,10,0,25:38,4,268,2,30,32,"Sunday Oct 14, 2018",2018-10-14 13:00:00,3:01,20,1,0,1,1,1,216,34,24,1,233,9,27,32,2,195,14,5,34:22,4,411,2,52,17,CRD,Arizona Cardinals,43.5 (over),Dome,U.S. Bank Stadium,Sportturf,1:00pm,Minnesota Vikings -10.0,,Home,MIN,Minnesota Vikings,Vikings (deferred),6
201810140mia,65791,23,1,0,2,2,1,303,31,22,3,316,6,28,31,1,164,12,8,33:25,2,467,3,58,13,"Sunday Oct 14, 2018",2018-10-14 13:00:00,3:33,23,0,0,1,1,2,380,44,28,3,380,7,31,31,0,161,17,8,36:35,0,541,3,67,0,CHI,Chicago Bears,40.5 (over),Outdoors,Hard Rock Stadium,Grass,1:00pm,Chicago Bears -7.5,"89 degrees, wind 8 mph",Home,MIA,Miami Dolphins,Bears (deferred),6
201810140htx,71638,12,0,0,2,1,2,129,29,16,1,145,12,13,27,0,100,15,6,33:00,2,229,3,104,16,"Sunday Oct 14, 2018",2018-10-14 13:00:00,2:55,15,0,0,3,1,2,142,26,15,1,177,6,20,24,0,74,13,3,27:00,7,216,3,50,35,BUF,Buffalo Bills,40.5 (under),Retractable Roof (Closed),NRG Stadium,Astroturf,1:00pm,Houston Texans -10.5,,Home,HTX,Houston Texans,Texans (deferred),6
201810140cle,67431,24,0,0,2,0,1,203,21,12,2,215,10,38,36,3,246,9,1,31:37,1,449,1,72,12,"Sunday Oct 14, 2018",2018-10-14 13:00:00,3:07,18,3,1,1,0,2,214,46,22,1,238,6,14,21,0,103,16,6,28:23,5,317,2,53,24,CLE,Cleveland Browns,47.0 (over),Outdoors,FirstEnergy Stadium,Grass,1:00pm,Cleveland Browns -1.0,"51 degrees, wind 9 mph",Away,SDG,Los Angeles Chargers,Chargers (deferred),6
201810140den,76109,24,1,1,0,0,1,174,28,14,0,201,10,23,39,2,270,17,8,35:10,5,444,1,81,27,"Sunday Oct 14, 2018",2018-10-14 16:05:00,3:16,23,1,0,1,0,1,297,41,25,2,322,6,20,17,0,60,10,3,24:50,2,357,1,61,25,DEN,Denver Broncos,50.0 (under),Outdoors,Sports Authority Field at Mile High,Grass,4:05pm,Los Angeles Rams -7.0,"25 degrees, wind 6 mph",Away,RAM,Los Angeles Rams,Rams (deferred),6
201810140oti,64441,23,1,1,0,0,1,238,37,25,1,238,10,21,35,2,123,17,12,37:34,0,361,1,70,0,"Sunday Oct 14, 2018",2018-10-14 16:25:00,2:52,7,0,0,1,0,0,51,15,10,0,117,4,0,14,0,55,10,1,22:26,11,106,0,35,66,OTI,Tennessee Titans,43.5 (under),Outdoors,Nissan Stadium,Grass,4:25pm,Baltimore Ravens -2.5,"66 degrees, wind 4 mph",Away,RAV,Baltimore Ravens,Ravens (deferred),6
201810140dal,90767,10,1,0,1,1,1,139,26,15,1,149,4,7,18,0,65,11,4,21:10,3,204,2,30,10,"Sunday Oct 14, 2018",2018-10-14 16:25:00,2:52,23,2,2,2,0,0,172,27,17,2,183,3,40,42,2,206,17,7,38:50,3,378,0,25,11,JAX,Jacksonville Jaguars,39.0 (over),Retractable Roof (Closed),AT&T Stadium,Matrixturf,4:25pm,Jacksonville Jaguars -3.0,,Home,DAL,Dallas Cowboys,Cowboys (deferred),6
201810140nwe,65878,18,1,1,0,0,2,352,36,23,4,352,5,40,17,0,94,10,4,23:51,0,446,2,58,0,"Sunday Oct 14, 2018",2018-10-14 20:20:00,3:07,31,1,0,2,1,0,327,35,24,1,340,0,43,38,3,173,13,7,36:09,2,500,1,0,13,KAN,Kansas City Chiefs,59.5 (over),Outdoors,Gillette Stadium,Fieldturf,8:20pm,New England Patriots -3.5,"45 degrees, no wind",Home,NWE,New England Patriots,Chiefs (deferred),6
201810150gnb,77642,18,0,0,2,2,1,227,23,16,2,245,2,30,30,1,174,9,2,28:52,2,401,3,10,18,"Monday Oct 15, 2018",2018-10-15 20:15:00,3:10,26,2,1,0,0,0,405,46,25,2,425,6,33,21,1,116,13,4,31:08,3,521,0,54,20,SFO,San Francisco 49ers,46.5 (over),Outdoors,Lambeau Field,Grass,8:15pm,Green Bay Packers -9.0,"37 degrees, wind 5 mph",Home,GNB,Green Bay Packers,Packers (deferred),6
201810180crd,62359,15,0,0,0,0,1,178,22,15,2,189,5,45,31,2,131,13,5,30:49,2,309,1,50,11,"Thursday Oct 18, 2018",2018-10-18 20:20:00,3:04,14,1,0,3,2,3,154,39,21,1,194,7,10,21,0,69,14,4,29:11,6,223,5,45,40,CRD,Arizona Cardinals,42.5 (over),Retractable Roof (Closed),State Farm Stadium,Grass,8:20pm,Denver Broncos -1.0,,Away,DEN,Denver Broncos,Broncos (deferred),7
201810210sdg,84301,23,1,1,0,0,1,226,32,24,1,237,4,19,33,1,164,15,9,35:23,2,390,1,32,11,"Sunday Oct 21, 2018",2018-10-21 09:30:00,2:54,14,0,0,0,0,0,297,26,19,2,306,4,20,16,0,47,9,4,24:37,2,344,0,31,9,OTI,Tennessee Titans,46.0 (under),Outdoors,Wembley Stadium,Grass,9:30am,Los Angeles Chargers -6.5,"66 degrees, wind 6 mph",Home,SDG,Los Angeles Chargers,Chargers (deferred),7
201810210clt,56848,15,1,0,2,2,3,168,31,20,0,175,7,5,22,0,135,9,2,26:41,2,303,5,59,7,"Sunday Oct 21, 2018",2018-10-21 13:00:00,2:54,22,2,1,1,0,0,156,23,17,4,156,4,37,37,1,220,13,7,33:19,0,376,0,35,0,BUF,Buffalo Bills,43.5 (under),Retractable Roof (Closed),Lucas Oil Stadium,Fieldturf,1:00pm,Indianapolis Colts -7.0,,Home,CLT,Indianapolis Colts,Bills (deferred),7
201810210chi,62389,21,1,1,3,2,1,273,36,25,3,277,7,38,27,0,108,13,6,29:51,1,381,3,64,4,"Sunday Oct 21, 2018",2018-10-21 13:00:00,3:21,29,1,1,0,0,2,319,50,26,2,333,5,31,25,2,134,16,8,30:09,2,453,2,40,14,CHI,Chicago Bears,48.5 (over),Outdoors,Soldier Field,Grass,1:00pm,New England Patriots -1.0,"44 degrees, wind 9 mph",Away,NWE,New England Patriots,Bears (deferred),7
201810210tam,53682,17,2,0,2,1,0,186,34,23,2,215,14,23,23,1,119,14,3,30:27,5,305,1,114,29,"Sunday Oct 21, 2018",2018-10-21 13:00:00,3:40,34,1,1,3,2,2,342,52,32,0,365,8,26,32,3,114,13,6,37:43,4,456,4,65,23,CLE,Cleveland Browns,52.5 (under),Outdoors,Raymond James Stadium,Grass,1:00pm,Tampa Bay Buccaneers -3.5,"79 degrees, wind 7 mph",Home,TAM,Tampa Bay Buccaneers,Buccaneers (deferred),7
201810210phi,69696,19,1,1,0,0,0,250,39,25,2,269,5,21,17,1,121,11,5,24:43,2,371,0,78,19,"Sunday Oct 21, 2018",2018-10-21 13:00:00,2:55,21,4,3,3,1,0,284,37,30,2,310,4,17,24,0,58,12,3,35:17,4,342,1,35,26,PHI,Philadelphia Eagles,45.0 (under),Outdoors,Lincoln Financial Field,Grass,1:00pm,Philadelphia Eagles -5.0,"49 degrees, wind 19 mph",Away,CAR,Carolina Panthers,Panthers (deferred),7
201810210nyj,77982,15,1,1,1,0,0,228,40,25,2,241,6,37,24,2,88,15,2,32:11,1,316,0,55,13,"Sunday Oct 21, 2018",2018-10-21 13:00:00,3:29,16,2,1,5,1,3,192,42,17,1,206,8,17,24,1,71,13,2,27:49,3,263,4,71,14,NYJ,New York Jets,45.0 (over),Outdoors,MetLife Stadium,Fieldturf,1:00pm,Minnesota Vikings -3.5,"46 degrees, wind 16 mph",Away,MIN,Minnesota Vikings,Jets (deferred),7
201810210mia,65265,24,1,1,2,0,0,209,22,18,2,217,6,32,35,1,248,8,2,33:39,1,457,0,43,8,"Sunday Oct 21, 2018",2018-10-21 13:00:00,2:56,19,0,0,0,0,0,215,31,22,2,239,4,21,19,1,107,11,6,26:21,4,322,0,50,24,MIA,Miami Dolphins,47.0 (over),Outdoors,Hard Rock Stadium,Grass,1:00pm,Detroit Lions -3.0,"89 degrees, wind 8 mph",Away,DET,Detroit Lions,Dolphins,7
201810210jax,66534,15,0,0,2,0,0,131,24,12,1,139,6,20,37,1,141,16,8,29:35,1,272,0,35,8,"Sunday Oct 21, 2018",2018-10-21 13:00:00,2:52,15,1,0,3,2,1,189,42,27,1,217,2,7,22,0,70,19,9,30:25,4,259,3,15,28,JAX,Jacksonville Jaguars,42.5 (under),Outdoors,TIAA Bank Stadium,Grass,1:00pm,Jacksonville Jaguars -3.5,"68 degrees, wind 15 mph",Away,HTX,Houston Texans,Texans (deferred),7
201810210rav,70639,26,5,4,2,1,0,205,30,22,2,212,6,24,39,1,134,14,6,33:31,1,339,1,52,7,"Sunday Oct 21, 2018",2018-10-21 16:05:00,3:03,25,2,1,0,0,0,274,40,24,2,284,5,23,23,1,77,12,5,26:29,1,351,0,54,10,RAV,Baltimore Ravens,49.0 (under),Outdoors,M&T Bank Stadium,Grass,4:05pm,Baltimore Ravens -2.5,"54 degrees, wind 15 mph",Away,NOR,New Orleans Saints,Ravens (deferred),7
201810210was,66301,17,2,1,3,2,0,250,35,22,1,273,8,17,22,1,73,14,5,29:05,4,323,2,65,23,"Sunday Oct 21, 2018",2018-10-21 16:25:00,3:05,15,1,0,1,0,0,175,25,14,1,178,5,20,32,0,130,12,3,30:55,1,305,0,35,3,DAL,Dallas Cowboys,40.5 (under),Outdoors,FedExField,Grass,4:25pm,Dallas Cowboys -1.0,"52 degrees, wind 12 mph",Home,WAS,Washington Redskins,Redskins (deferred),7
201810210sfo,66597,20,0,0,1,0,0,193,24,18,2,202,1,39,36,2,146,12,5,32:51,1,339,0,10,9,"Sunday Oct 21, 2018",2018-10-21 16:25:00,3:01,16,1,0,3,2,2,121,27,15,1,170,2,10,24,0,107,11,3,27:09,7,228,4,10,49,SFO,San Francisco 49ers,52.0 (under),Outdoors,Levi's Stadium,Grass,4:25pm,Los Angeles Rams -8.0,"62 degrees, wind 5 mph",Away,RAM,Los Angeles Rams,49ers (deferred),7
201810210kan,75676,15,1,0,2,0,1,174,33,19,1,187,8,10,19,0,65,11,4,26:17,2,239,1,58,13,"Sunday Oct 21, 2018",2018-10-21 20:20:00,3:04,33,1,0,2,0,1,353,39,28,4,358,8,45,29,1,198,12,9,33:43,2,551,1,49,5,CIN,Cincinnati Bengals,56.0 (under),Outdoors,Arrowhead Stadium,Grass,8:20pm,Kansas City Chiefs -6.5,"59 degrees, wind 10 mph",Home,KAN,Kansas City Chiefs,Chiefs (deferred),7
201810220atl,72756,21,1,0,1,0,0,372,38,27,1,399,4,20,20,1,61,12,5,27:43,4,433,0,58,27,"Monday Oct 22, 2018",2018-10-22 20:15:00,2:57,22,0,0,1,1,0,356,39,31,1,379,5,23,20,1,67,13,7,32:17,3,423,1,29,23,NYG,New York Giants,52.0 (under),Retractable Roof (Open),Mercedes-Benz Stadium,Fieldturf,8:15pm,Atlanta Falcons -4.5,,Home,ATL,Atlanta Falcons,Giants (deferred),7
201810250htx,71726,18,1,0,0,0,1,254,38,22,1,269,5,23,25,1,116,13,4,31:09,2,370,1,63,15,"Thursday Oct 25, 2018",2018-10-25 20:20:00,3:21,17,1,1,0,0,0,239,20,16,5,239,8,42,35,1,188,12,6,28:51,0,427,0,57,0,MIA,Miami Dolphins,45.0 (over),Retractable Roof (Closed),NRG Stadium,Astroturf,8:20pm,Houston Texans -7.5,,Home,HTX,Houston Texans,Texans (deferred),8
201810280jax,85870,22,0,0,1,1,1,262,30,21,3,286,4,24,28,0,133,12,7,32:38,4,395,2,36,24,"Sunday Oct 28, 2018",2018-10-28 09:30:00,2:53,16,2,1,2,1,0,265,41,24,1,286,5,18,17,0,70,14,6,27:22,4,335,1,45,21,JAX,Jacksonville Jaguars,44.0 (under),Outdoors,Wembley Stadium,Grass,9:30am,Philadelphia Eagles -3.5,"48 degrees, wind 12 mph",Away,PHI,Philadelphia Eagles,Jaguars (deferred),8
201810280chi,61397,12,1,1,1,0,0,150,29,14,1,153,8,10,24,0,57,14,3,27:16,1,207,0,45,3,"Sunday Oct 28, 2018",2018-10-28 13:00:00,3:00,22,1,1,1,0,0,216,29,16,2,220,2,24,34,1,179,12,4,32:44,2,395,0,25,4,NYJ,New York Jets,42.5 (under),Outdoors,Soldier Field,Grass,1:00pm,Chicago Bears -8.5,"48 degrees, wind 18 mph",Home,CHI,Chicago Bears,Bears (deferred),8
201810280car,73843,20,2,1,1,1,2,224,44,26,2,238,9,21,18,1,101,12,6,25:59,2,325,3,68,14,"Sunday Oct 28, 2018",2018-10-28 13:00:00,3:05,22,1,1,1,0,0,232,30,22,2,232,4,36,33,2,154,12,6,34:01,0,386,0,30,0,RAV,Baltimore Ravens,44.0 (over),Outdoors,Bank of America Stadium,Grass,1:00pm,Baltimore Ravens -2.5,"61 degrees, wind 10 mph",Home,CAR,Carolina Panthers,Panthers (deferred),8
201810280pit,63780,17,1,1,0,0,1,163,36,22,2,180,7,18,21,0,74,13,3,27:48,2,237,1,52,17,"Sunday Oct 28, 2018",2018-10-28 13:00:00,3:04,25,1,1,3,1,1,253,36,24,2,257,8,33,31,2,168,13,6,32:12,1,421,2,60,4,CLE,Cleveland Browns,47.5 (over),Outdoors,Heinz Field,Grass,1:00pm,Pittsburgh Steelers -8.5,"47 degrees, wind 11 mph",Home,PIT,Pittsburgh Steelers,Steelers (deferred),8
201810280nyg,77537,20,0,0,1,1,0,178,32,20,1,178,8,20,33,1,182,15,6,33:38,0,360,1,90,0,"Sunday Oct 28, 2018",2018-10-28 13:00:00,3:13,18,4,3,0,0,2,266,47,30,1,316,11,13,14,0,37,14,2,26:22,7,303,2,102,50,NYG,New York Giants,44.0 (under),Outdoors,MetLife Stadium,Fieldturf,1:00pm,Washington Redskins -1.0,"51 degrees, wind 11 mph",Away,WAS,Washington Redskins,Giants (deferred),8
201810280kan,77103,22,1,1,3,1,1,222,34,23,2,262,10,23,30,1,189,12,4,32:41,5,411,2,83,40,"Sunday Oct 28, 2018",2018-10-28 13:00:00,3:10,20,1,1,0,0,1,291,34,24,4,303,7,30,18,0,49,10,3,27:19,2,340,1,50,12,DEN,Denver Broncos,53.0 (push),Outdoors,Arrowhead Stadium,Grass,1:00pm,Kansas City Chiefs -8.5,"56 degrees, wind 12 mph",Home,KAN,Kansas City Chiefs,Chiefs (deferred),8
201810280det,65237,20,2,1,0,0,0,237,17,14,3,248,7,28,42,1,176,12,6,34:55,2,413,0,111,11,"Sunday Oct 28, 2018",2018-10-28 13:00:00,3:01,21,0,0,2,2,1,297,40,27,2,310,4,14,13,0,34,10,6,25:05,3,331,3,32,13,DET,Detroit Lions,48.0 (under),Dome,Ford Field,Fieldturf,1:00pm,Detroit Lions -3.0,,Away,SEA,Seattle Seahawks,Lions (deferred),8
201810280cin,45134,29,2,2,1,0,4,450,50,29,3,470,11,34,27,1,126,18,10,35:59,6,576,4,75,20,"Sunday Oct 28, 2018",2018-10-28 13:00:00,3:23,21,2,1,0,0,0,264,34,21,2,280,4,37,27,2,138,13,5,24:01,2,402,0,46,16,TAM,Tampa Bay Buccaneers,55.0 (over),Outdoors,Paul Brown Stadium,Fieldturf,1:00pm,Cincinnati Bengals -3.5,"55 degrees, wind 7 mph",Home,CIN,Cincinnati Bengals,Buccaneers (deferred),8
201810280rai,54372,28,0,0,0,0,0,239,31,22,3,239,10,42,40,2,222,13,9,36:30,0,461,0,77,0,"Sunday Oct 28, 2018",2018-10-28 16:05:00,3:01,19,2,1,1,1,0,244,28,21,3,244,10,28,19,1,103,8,4,23:30,0,347,1,79,0,RAI,Oakland Raiders,51.0 (over),Outdoors,Oakland-Alameda County Coliseum,Grass,4:05pm,Indianapolis Colts -3.5,"69 degrees, wind 8 mph",Away,CLT,Indianapolis Colts,Raiders (deferred),8
201810280ram,75822,16,0,0,1,1,0,253,30,18,1,286,2,27,19,2,106,9,2,25:50,3,359,1,10,33,"Sunday Oct 28, 2018",2018-10-28 16:25:00,3:19,23,1,1,0,0,0,281,36,20,3,307,2,29,34,0,135,18,8,34:10,5,416,0,15,26,GNB,Green Bay Packers,57.0 (under),Outdoors,Los Angeles Memorial Coliseum,Grass,4:25pm,Los Angeles Rams -7.5,"82 degrees, wind 1 mph",Home,RAM,Los Angeles Rams,Rams (deferred),8
201810280crd,61923,16,0,0,2,0,0,160,28,14,1,190,5,15,31,0,107,14,5,32:19,4,267,0,59,30,"Sunday Oct 28, 2018",2018-10-28 16:25:00,3:11,20,0,0,1,1,1,233,40,23,2,252,9,18,21,0,88,14,6,27:41,3,321,2,62,19,SFO,San Francisco 49ers,40.0 (under),Retractable Roof (Closed),State Farm Stadium,Grass,4:25pm,San Francisco 49ers -2.5,,Home,CRD,Arizona Cardinals,Cardinals (deferred),8
201810280min,66801,17,0,0,0,0,1,164,24,19,1,164,7,30,29,1,106,9,4,28:37,0,270,1,64,0,"Sunday Oct 28, 2018",2018-10-28 20:20:00,2:49,27,3,2,2,1,1,338,41,31,2,359,6,20,22,1,85,10,5,31:23,4,423,2,54,21,MIN,Minnesota Vikings,53.5 (under),Dome,U.S. Bank Stadium,Sportturf,8:20pm,New Orleans Saints -2.5,,Away,NOR,New Orleans Saints,Vikings (deferred),8
201810290buf,70109,22,0,0,1,0,0,311,45,29,0,324,5,25,25,1,76,14,5,31:50,2,387,0,33,13,"Monday Oct 29, 2018",2018-10-29 20:15:00,3:14,16,2,0,3,1,1,287,41,24,0,313,6,6,19,0,46,14,4,28:10,3,333,2,51,26,BUF,Buffalo Bills,44.5 (under),Outdoors,New Era Field,A_Turf,8:15pm,New England Patriots -13.5,"46 degrees, wind 16 mph",Away,NWE,New England Patriots,Bills (deferred),8
201811010sfo,69592,14,1,0,4,0,0,140,24,17,0,179,6,3,23,0,102,12,3,31:26,8,242,0,40,39,"Thursday Nov 1, 2018",2018-11-01 20:20:00,2:50,18,0,0,1,0,0,262,22,16,3,262,3,34,32,1,143,12,5,28:34,0,405,0,23,0,RAI,Oakland Raiders,44.0 (under),Outdoors,Levi's Stadium,Grass,8:20pm,Oakland Raiders -1.5,"82 degrees, wind 8 mph",Home,SFO,San Francisco 49ers,49ers (deferred),9
201811040car,73513,23,2,1,1,0,2,219,41,24,4,243,8,28,21,0,82,12,5,29:00,3,301,2,49,24,"Sunday Nov 4, 2018",2018-11-04 13:00:00,3:16,22,1,0,1,0,0,228,25,19,2,247,9,42,32,4,179,10,4,31:00,2,407,0,84,19,TAM,Tampa Bay Buccaneers,55.5 (over),Outdoors,Bank of America Stadium,Grass,1:00pm,Carolina Panthers -6.0,"62 degrees, wind 8 mph",Home,CAR,Carolina Panthers,Panthers (deferred),9
201811040buf,68749,11,0,0,2,0,1,126,20,12,1,135,14,41,25,2,64,11,3,25:57,1,190,1,129,9,"Sunday Nov 4, 2018",2018-11-04 13:00:00,3:10,22,3,1,1,1,3,166,49,31,0,188,10,9,28,1,98,18,6,34:03,4,264,4,163,22,BUF,Buffalo Bills,38.0 (over),Outdoors,New Era Field,A_Turf,1:00pm,Chicago Bears -10.5,"49 degrees, wind 12 mph",Away,CHI,Chicago Bears,Bills (deferred),9
201811040was,62386,25,0,0,0,0,1,337,38,26,4,350,7,38,24,1,154,13,10,32:56,2,491,1,50,13,"Sunday Nov 4, 2018",2018-11-04 13:00:00,2:57,20,2,2,0,0,1,287,46,30,1,306,10,14,15,1,79,13,5,27:04,3,366,1,147,19,WAS,Washington Redskins,46.5 (over),Outdoors,FedExField,Grass,1:00pm,Washington Redskins -1.5,"55 degrees, wind 5 mph",Away,ATL,Atlanta Falcons,Falcons (deferred),9
201811040rav,70997,27,1,1,0,0,0,282,48,29,2,292,8,23,27,1,113,16,10,36:29,1,395,0,103,10,"Sunday Nov 4, 2018",2018-11-04 13:00:00,3:05,18,1,0,1,0,0,204,38,24,0,218,5,16,16,1,61,12,4,23:31,2,265,0,25,14,RAV,Baltimore Ravens,46.5 (under),Outdoors,M&T Bank Stadium,Grass,1:00pm,Baltimore Ravens -1.5,"55 degrees, wind 6 mph",Away,PIT,Pittsburgh Steelers,Steelers (deferred),9
201811040min,66825,18,3,3,1,1,0,143,36,25,0,199,8,9,24,0,66,15,4,36:45,10,209,1,66,56,"Sunday Nov 4, 2018",2018-11-04 13:00:00,2:46,17,1,1,1,1,1,155,22,18,1,164,3,24,23,1,128,8,3,23:15,1,283,2,15,9,DET,Detroit Lions,47.5 (under),Dome,U.S. Bank Stadium,Sportturf,1:00pm,Minnesota Vikings -4.5,,Home,MIN,Minnesota Vikings,Lions (deferred),9
201811040mia,65533,15,2,0,0,0,4,202,39,21,0,229,5,6,21,0,80,13,2,31:34,4,282,4,45,27,"Sunday Nov 4, 2018",2018-11-04 13:00:00,2:58,7,2,2,0,0,0,104,24,15,0,139,5,13,27,0,64,16,3,28:26,4,168,0,55,35,NYJ,New York Jets,43.0 (under),Outdoors,Hard Rock Stadium,Grass,1:00pm,Miami Dolphins -3.0,"87 degrees, wind 16 mph",Home,MIA,Miami Dolphins,Dolphins,9
201811040cle,67431,27,0,0,0,0,1,360,32,23,3,375,11,37,24,2,139,10,6,29:09,2,499,1,86,15,"Sunday Nov 4, 2018",2018-11-04 13:00:00,3:06,26,3,2,0,0,1,286,43,30,2,308,4,21,25,1,102,13,5,30:51,2,388,1,20,22,CLE,Cleveland Browns,51.5 (over),Outdoors,FirstEnergy Stadium,Grass,1:00pm,Kansas City Chiefs -7.5,"53 degrees, wind 16 mph",Away,KAN,Kansas City Chiefs,Chiefs (deferred),9
201811040sea,68989,18,0,0,0,0,0,215,26,13,2,228,12,25,22,1,160,9,2,24:19,2,375,0,105,13,"Sunday Nov 4, 2018",2018-11-04 16:05:00,3:06,25,3,3,1,0,1,202,39,26,2,235,10,17,32,0,154,15,4,35:41,4,356,1,83,33,SEA,Seattle Seahawks,48.0 (under),Outdoors,CenturyLink Field,Fieldturf,4:05pm,Seattle Seahawks -1.0,"56 degrees, wind 4 mph",Away,SDG,Los Angeles Chargers,Chargers (deferred),9
201811040den,76270,17,1,0,0,0,0,192,24,17,2,213,7,19,33,0,98,13,4,32:25,4,290,0,60,21,"Sunday Nov 4, 2018",2018-11-04 16:05:00,3:05,19,2,2,1,1,0,273,42,26,1,290,8,17,20,1,75,14,5,27:35,2,348,1,50,17,DEN,Denver Broncos,46.5 (under),Outdoors,Sports Authority Field at Mile High,Grass,4:05pm,Denver Broncos -1.0,"53 degrees, wind 3 mph",Away,HTX,Houston Texans,Broncos (deferred),9
201811040nor,73086,23,2,0,0,0,1,391,40,28,3,391,4,35,19,1,92,8,3,26:19,0,483,1,32,0,"Sunday Nov 4, 2018",2018-11-04 16:25:00,3:11,31,2,2,1,1,0,346,36,25,4,346,2,45,34,2,141,12,7,33:41,0,487,1,20,0,RAM,Los Angeles Rams,57.0 (over),Dome,Mercedes-Benz Superdome,Sportturf,4:25pm,Los Angeles Rams -1.5,,Home,NOR,New Orleans Saints,Rams (deferred),9
201811040nwe,65878,22,1,0,2,1,0,250,43,24,2,259,7,17,25,0,117,13,6,32:34,1,367,1,63,9,"Sunday Nov 4, 2018",2018-11-04 20:20:00,3:10,28,1,0,0,0,0,310,36,23,1,331,5,31,31,3,123,11,4,27:26,2,433,0,30,21,GNB,Green Bay Packers,56.0 (under),Outdoors,Gillette Stadium,Fieldturf,8:20pm,New England Patriots -5.0,"40 degrees, wind 2 mph",Home,NWE,New England Patriots,Packers (deferred),9
201811050dal,90466,24,0,0,2,2,0,215,29,21,2,240,3,28,36,2,125,14,11,34:26,4,340,2,20,25,"Monday Nov 5, 2018",2018-11-05 20:15:00,2:55,18,1,0,1,1,1,225,32,21,2,243,6,14,19,0,72,11,5,25:34,5,297,2,52,18,DAL,Dallas Cowboys,40.5 (over),Retractable Roof (Closed),AT&T Stadium,Matrixturf,8:15pm,Dallas Cowboys -4.5,,Away,OTI,Tennessee Titans,Titans (deferred),9
201811080pit,62881,18,1,1,2,1,1,147,29,23,2,193,5,21,22,1,95,11,4,29:25,5,242,2,42,46,"Thursday Nov 8, 2018",2018-11-08 20:20:00,2:49,25,0,0,1,0,0,319,27,23,5,325,1,52,30,1,138,11,8,30:35,1,457,0,24,6,CAR,Carolina Panthers,51.0 (over),Outdoors,Heinz Field,Grass,8:20pm,Pittsburgh Steelers -3.5,"40 degrees, wind 4 mph",Home,PIT,Pittsburgh Steelers,Steelers (deferred),10
201811110cin,52492,33,1,1,0,0,0,265,27,22,3,265,1,51,47,3,244,12,7,39:46,0,509,0,5,0,"Sunday Nov 11, 2018",2018-11-11 13:00:00,2:44,13,2,1,0,0,2,174,23,14,1,198,4,14,16,1,110,6,0,20:14,4,284,2,26,24,CIN,Cincinnati Bengals,53.5 (over),Outdoors,Paul Brown Stadium,Fieldturf,1:00pm,New Orleans Saints -6.0,"39 degrees, wind 6 mph",Away,NOR,New Orleans Saints,Bengals (deferred),10
201811110chi,61393,24,5,4,3,1,2,229,42,25,2,274,6,22,24,1,76,15,4,32:00,6,305,3,41,45,"Sunday Nov 11, 2018",2018-11-11 13:00:00,3:13,20,0,0,0,0,0,348,30,23,3,355,6,34,22,2,54,10,4,28:00,1,402,0,46,7,DET,Detroit Lions,44.5 (over),Outdoors,Soldier Field,Grass,1:00pm,Chicago Bears -7.5,"37 degrees, wind 12 mph",Home,CHI,Chicago Bears,Lions (deferred),10
201811110tam,52667,15,0,0,0,0,0,170,27,19,1,178,8,16,25,0,116,13,5,28:48,3,286,0,52,8,"Sunday Nov 11, 2018",2018-11-11 13:00:00,3:01,29,0,0,4,2,2,398,41,29,0,406,5,3,24,0,103,10,6,31:12,2,501,4,50,8,TAM,Tampa Bay Buccaneers,51.0 (under),Outdoors,Raymond James Stadium,Grass,1:00pm,Tampa Bay Buccaneers -3.5,"82 degrees, wind 3 mph",Away,WAS,Washington Redskins,Buccaneers,10
201811110oti,69363,16,3,2,0,0,0,244,43,23,0,267,4,10,19,1,40,15,3,27:03,3,284,0,31,23,"Sunday Nov 11, 2018",2018-11-11 13:00:00,2:59,23,0,0,3,0,0,235,25,17,2,249,4,34,36,2,150,12,5,32:57,2,385,0,35,14,NWE,New England Patriots,47.0 (under),Outdoors,Nissan Stadium,Grass,1:00pm,New England Patriots -6.5,"46 degrees, wind 4 mph",Home,OTI,Tennessee Titans,Patriots (deferred),10
201811110nyj,77982,23,1,1,1,0,0,239,26,16,2,247,4,41,46,2,212,16,8,39:22,1,451,0,30,8,"Sunday Nov 11, 2018",2018-11-11 13:00:00,3:03,12,3,2,0,0,2,116,34,17,0,135,1,10,18,1,83,12,1,20:38,3,199,2,10,19,NYJ,New York Jets,38.0 (over),Outdoors,MetLife Stadium,Fieldturf,1:00pm,New York Jets -7.0,"46 degrees, wind 10 mph",Away,BUF,Buffalo Bills,Jets (deferred),10
201811110kan,76712,21,2,1,1,0,2,166,39,22,1,208,3,14,25,1,94,14,7,31:47,5,260,2,30,42,"Sunday Nov 11, 2018",2018-11-11 13:00:00,2:54,20,0,0,1,0,0,212,28,21,2,249,8,26,23,1,118,11,4,28:13,5,330,0,63,37,CRD,Arizona Cardinals,49.5 (under),Outdoors,Arrowhead Stadium,Grass,1:00pm,Kansas City Chiefs -16.5,"43 degrees, wind 5 mph",Home,KAN,Kansas City Chiefs,Cardinals (deferred),10
201811110clt,57473,24,1,1,1,1,0,324,39,27,2,324,8,26,34,1,91,17,9,35:10,0,415,1,61,0,"Sunday Nov 11, 2018",2018-11-11 13:00:00,3:05,17,0,0,0,0,1,285,29,21,3,285,7,29,23,1,81,11,6,24:50,0,366,1,45,0,JAX,Jacksonville Jaguars,48.0 (over),Retractable Roof (Closed),Lucas Oil Stadium,Fieldturf,1:00pm,Indianapolis Colts -3.0,,Home,CLT,Indianapolis Colts,Jaguars (deferred),10
201811110cle,62144,25,4,2,4,2,0,311,52,38,2,330,1,16,19,0,71,14,5,31:23,2,382,2,5,19,"Sunday Nov 11, 2018",2018-11-11 13:00:00,2:49,19,0,0,1,0,1,216,21,17,3,216,7,28,29,1,211,8,4,28:37,0,427,1,38,0,ATL,Atlanta Falcons,49.5 (under),Outdoors,FirstEnergy Stadium,Grass,1:00pm,Atlanta Falcons -5.5,"36 degrees, wind 9 mph",Home,CLE,Cleveland Browns,Falcons (deferred),10
201811110rai,54750,16,1,1,0,0,1,222,26,18,2,223,6,20,26,0,113,10,2,28:50,1,335,1,70,1,"Sunday Nov 11, 2018",2018-11-11 16:05:00,2:51,16,3,1,1,1,0,203,37,24,0,243,6,6,22,0,114,15,5,31:10,4,317,1,55,40,RAI,Oakland Raiders,50.0 (under),Outdoors,Oakland-Alameda County Coliseum,Grass,4:05pm,Los Angeles Chargers -10.5,"69 degrees, wind 16 mph",Away,SDG,Los Angeles Chargers,Chargers (deferred),10
201811110ram,72755,29,1,0,1,1,0,141,26,17,3,176,7,31,34,1,273,9,2,30:37,4,414,1,56,35,"Sunday Nov 11, 2018",2018-11-11 16:25:00,3:09,25,0,0,0,0,0,307,39,28,2,318,10,36,23,2,149,10,5,29:23,2,456,0,102,11,SEA,Seattle Seahawks,51.0 (over),Outdoors,Los Angeles Memorial Coliseum,Grass,4:25pm,Los Angeles Rams -10.0,"75 degrees, wind 1 mph",Home,RAM,Los Angeles Rams,Rams (deferred),10
201811110gnb,78076,19,4,3,1,1,1,163,37,23,0,213,3,12,23,0,131,14,4,32:08,6,294,2,10,50,"Sunday Nov 11, 2018",2018-11-11 16:25:00,2:54,21,2,1,1,1,0,182,28,19,2,199,6,31,25,2,195,10,4,27:52,2,377,1,45,17,MIA,Miami Dolphins,48.5 (under),Outdoors,Lambeau Field,Grass,4:25pm,Green Bay Packers -11.0,"33 degrees, wind 6 mph",Home,GNB,Green Bay Packers,Packers (deferred),10
201811110phi,69696,23,1,1,2,0,0,239,36,26,1,270,5,27,28,2,171,16,8,33:22,4,410,0,37,31,"Sunday Nov 11, 2018",2018-11-11 20:20:00,3:02,23,2,0,0,0,1,350,44,32,2,360,0,20,16,0,71,10,4,26:38,2,421,1,0,10,PHI,Philadelphia Eagles,45.5 (over),Outdoors,Lincoln Financial Field,Grass,8:20pm,Philadelphia Eagles -7.5,"38 degrees, wind 5 mph",Away,DAL,Dallas Cowboys,Cowboys (deferred),10
201811120sfo,69409,17,0,0,0,0,0,180,31,19,3,188,8,27,23,0,97,12,5,25:46,1,277,0,78,8,"Monday Nov 12, 2018",2018-11-12 20:15:00,3:06,24,0,0,0,0,2,250,39,27,1,250,10,23,29,1,124,13,8,34:14,0,374,2,97,0,SFO,San Francisco 49ers,45.0 (over),Outdoors,Levi's Stadium,Grass,8:15pm,San Francisco 49ers -3.0,"62 degrees, no wind",Away,NYG,New York Giants,49ers (deferred),10
201811150sea,69007,14,0,0,0,0,0,311,30,21,2,332,5,24,13,1,48,11,3,25:42,5,359,0,80,21,"Thursday Nov 15, 2018",2018-11-15 20:20:00,2:56,23,2,2,2,1,0,205,31,21,2,225,6,27,35,1,173,15,6,34:18,3,378,1,30,20,GNB,Green Bay Packers,49.0 (over),Outdoors,CenturyLink Field,Fieldturf,8:20pm,Seattle Seahawks -3.0,"54 degrees, wind 6 mph",Home,SEA,Seattle Seahawks,Packers (deferred),11
201811180atl,74447,20,0,0,1,0,0,191,32,22,0,208,2,22,29,2,132,13,7,31:57,2,323,0,20,17,"Sunday Nov 18, 2018",2018-11-18 13:00:00,2:45,19,0,0,0,0,1,274,34,24,1,291,2,19,18,0,80,12,6,28:03,3,354,1,15,17,ATL,Atlanta Falcons,50.0 (under),Retractable Roof (Open),Mercedes-Benz Stadium,Fieldturf,1:00pm,Atlanta Falcons -3.5,,Away,DAL,Dallas Cowboys,Cowboys (deferred),11
201811180was,61593,19,0,0,2,1,2,181,24,16,1,208,7,23,31,0,139,11,4,29:03,3,320,3,40,27,"Sunday Nov 18, 2018",2018-11-18 13:00:00,3:03,23,1,1,1,0,2,154,39,18,1,189,6,21,29,2,124,15,6,30:57,5,278,2,43,35,WAS,Washington Redskins,40.5 (over),Outdoors,FedExField,Grass,1:00pm,Houston Texans -3.0,"48 degrees, wind 6 mph",Away,HTX,Houston Texans,Texans (deferred),11
201811180rav,70077,15,1,0,0,0,0,207,37,19,2,211,7,21,16,1,48,14,6,21:51,1,255,0,58,4,"Sunday Nov 18, 2018",2018-11-18 13:00:00,3:05,23,1,0,1,0,1,136,19,13,0,150,5,24,53,2,267,16,8,38:09,3,403,1,31,14,CIN,Cincinnati Bengals,44.0 (over),Outdoors,M&T Bank Stadium,Grass,1:00pm,Baltimore Ravens -6.5,"48 degrees, wind 8 mph",Home,RAV,Baltimore Ravens,Ravens (deferred),11
201811180nyg,75863,31,2,1,1,0,4,359,37,25,2,366,4,35,30,2,151,9,6,32:07,1,510,4,40,7,"Sunday Nov 18, 2018",2018-11-18 13:00:00,3:01,19,0,0,2,0,0,196,18,17,2,231,8,38,31,2,163,9,4,27:53,4,359,0,60,35,TAM,Tampa Bay Buccaneers,53.5 (over),Outdoors,MetLife Stadium,Fieldturf,1:00pm,New York Giants -3.0,"42 degrees, wind 1 mph",Home,NYG,New York Giants,Buccaneers (deferred),11
201811180jax,67683,19,2,0,0,0,3,297,47,27,2,314,3,20,11,1,26,11,3,22:20,2,323,3,15,17,"Sunday Nov 18, 2018",2018-11-18 13:00:00,3:14,15,0,0,2,1,0,64,18,10,0,104,11,16,43,1,179,18,6,37:40,6,243,1,111,40,JAX,Jacksonville Jaguars,47.0 (under),Outdoors,TIAA Bank Stadium,Grass,1:00pm,Pittsburgh Steelers -4.0,"73 degrees, wind 8 mph",Away,PIT,Pittsburgh Steelers,Steelers (deferred),11
201811180det,61999,20,0,0,0,0,1,331,38,25,3,357,2,19,16,0,56,11,5,28:20,3,387,1,15,26,"Sunday Nov 18, 2018",2018-11-18 13:00:00,2:57,20,0,0,0,0,0,215,37,23,1,220,1,20,26,1,94,12,4,31:40,1,309,0,5,5,CAR,Carolina Panthers,48.0 (under),Dome,Ford Field,Fieldturf,1:00pm,Carolina Panthers -4.0,,Home,DET,Detroit Lions,Lions (deferred),11
201811180clt,57401,16,0,0,1,0,2,176,29,21,1,203,8,10,27,0,91,14,6,28:44,5,267,2,112,27,"Sunday Nov 18, 2018",2018-11-18 13:00:00,2:51,26,0,0,2,0,0,295,32,24,3,295,7,38,28,2,102,10,5,31:16,0,397,0,60,0,OTI,Tennessee Titans,50.0 (under),Retractable Roof (Closed),Lucas Oil Stadium,Fieldturf,1:00pm,Indianapolis Colts -1.0,,Home,CLT,Indianapolis Colts,Colts (deferred),11
201811180sdg,25462,16,2,1,0,0,0,217,33,20,0,217,7,23,19,3,108,10,3,22:11,0,325,0,43,0,"Sunday Nov 18, 2018",2018-11-18 16:05:00,3:10,26,0,0,0,0,2,384,43,28,2,401,14,22,26,0,95,15,9,37:49,3,479,2,120,17,SDG,Los Angeles Chargers,46.5 (under),Outdoors,StubHub Center,Grass,4:05pm,Los Angeles Chargers -7.5,"69 degrees, wind 4 mph",Away,DEN,Denver Broncos,Chargers (deferred),11
201811180crd,62435,19,0,0,1,0,0,173,31,19,2,192,4,23,33,0,152,15,5,36:01,4,325,0,20,19,"Sunday Nov 18, 2018",2018-11-18 16:05:00,3:02,13,0,0,1,0,2,128,20,9,3,136,7,21,31,0,154,11,3,23:59,1,282,2,62,8,CRD,Arizona Cardinals,41.0 (over),Retractable Roof (Closed),State Farm Stadium,Grass,4:05pm,Arizona Cardinals -4.5,,Away,RAI,Oakland Raiders,Raiders (deferred),11
201811180nor,73042,13,2,0,0,0,3,138,33,19,0,156,6,7,12,1,58,10,3,22:26,3,196,3,49,18,"Sunday Nov 18, 2018",2018-11-18 16:25:00,3:07,28,1,1,0,0,0,373,32,23,4,373,8,48,37,2,173,11,6,37:34,0,546,0,69,0,PHI,Philadelphia Eagles,56.5 (under),Dome,Mercedes-Benz Superdome,Sportturf,4:25pm,New Orleans Saints -7.0,,Home,NOR,New Orleans Saints,Saints (deferred),11
201811180chi,61651,19,1,1,1,1,2,246,46,30,2,262,4,20,14,0,22,12,5,25:31,2,268,3,50,16,"Sunday Nov 18, 2018",2018-11-18 20:20:00,3:03,24,0,0,1,1,2,160,31,20,1,165,5,25,39,0,148,12,6,34:29,1,308,3,46,5,MIN,Minnesota Vikings,44.0 (over),Outdoors,Soldier Field,Grass,8:20pm,Chicago Bears -2.5,"33 degrees, wind 6 mph",Home,CHI,Chicago Bears,Bears (deferred),11
201811190ram,77002,27,1,1,2,2,3,448,46,33,6,478,13,51,20,0,98,10,5,29:37,3,546,5,135,30,"Monday Nov 19, 2018",2018-11-19 20:15:00,3:42,29,1,1,3,2,0,379,49,31,4,413,8,54,21,1,76,14,5,30:23,5,455,2,60,34,KAN,Kansas City Chiefs,63.5 (over),Outdoors,Los Angeles Memorial Coliseum,Grass,8:15pm,Los Angeles Rams -3.0,"65 degrees, no wind",Home,RAM,Los Angeles Rams,Chiefs (deferred),11
201811220det,65684,19,0,0,1,1,0,226,38,28,2,238,3,23,15,0,38,10,3,27:14,4,264,1,20,12,"Thursday Nov 22, 2018",2018-11-22 12:30:00,3:02,17,2,1,0,0,2,222,38,28,0,236,5,16,24,2,111,14,5,32:46,2,333,2,54,14,DET,Detroit Lions,43.0 (under),Dome,Ford Field,Fieldturf,12:30pm,Chicago Bears -3.0,,Away,CHI,Chicago Bears,Bears (deferred),12
201811220dal,92076,18,0,0,2,0,3,251,38,24,2,268,4,23,20,1,80,11,4,26:37,3,331,3,25,17,"Thursday Nov 22, 2018",2018-11-22 16:30:00,3:36,20,1,0,1,0,0,258,31,22,2,289,4,31,34,2,146,14,6,33:23,4,404,0,30,31,WAS,Washington Redskins,40.0 (over),Retractable Roof (Closed),AT&T Stadium,Matrixturf,4:30pm,Dallas Cowboys -7.0,,Home,DAL,Dallas Cowboys,Redskins (deferred),12
201811220nor,73017,21,6,4,5,3,1,340,47,35,2,377,2,17,16,0,26,15,5,30:59,6,366,4,26,37,"Thursday Nov 22, 2018",2018-11-22 20:20:00,2:55,19,0,0,1,0,1,162,22,15,4,171,3,31,31,0,150,11,5,29:01,2,312,1,19,9,ATL,Atlanta Falcons,61.5 (under),Dome,Mercedes-Benz Superdome,Sportturf,8:20pm,New Orleans Saints -11.5,,Home,NOR,New Orleans Saints,Falcons (deferred),12
201811250tam,50436,23,0,0,1,0,2,194,32,18,1,221,8,9,24,0,148,8,1,25:51,4,342,2,68,27,"Sunday Nov 25, 2018",2018-11-25 13:00:00,3:08,25,0,0,0,0,0,304,38,29,2,312,9,27,31,1,108,13,7,34:09,1,412,0,70,8,SFO,San Francisco 49ers,54.5 (under),Outdoors,Raymond James Stadium,Grass,1:00pm,Tampa Bay Buccaneers -1.5,"77 degrees, wind 7 mph",Home,TAM,Tampa Bay Buccaneers,49ers (deferred),12
201811250rav,70035,13,2,1,1,1,0,182,34,16,1,194,4,17,19,1,67,13,3,25:48,3,249,1,24,12,"Sunday Nov 25, 2018",2018-11-25 13:00:00,3:02,23,0,0,1,0,2,174,25,14,1,178,6,34,43,1,242,13,8,34:12,1,416,2,45,4,RAI,Oakland Raiders,42.0 (over),Outdoors,M&T Bank Stadium,Grass,1:00pm,Baltimore Ravens -13.0,"60 degrees, wind 7 mph",Home,RAV,Baltimore Ravens,Ravens (deferred),12
201811250phi,69696,18,0,0,1,0,1,276,37,26,1,297,11,22,18,1,126,12,5,27:22,2,402,1,91,21,"Sunday Nov 25, 2018",2018-11-25 13:00:00,3:06,19,1,1,1,0,0,214,28,20,1,236,7,25,29,1,127,11,3,32:38,3,341,0,46,22,NYG,New York Giants,49.0 (under),Outdoors,Lincoln Financial Field,Grass,1:00pm,Philadelphia Eagles -4.5,"56 degrees, wind 10 mph",Home,PHI,Philadelphia Eagles,Eagles (deferred),12
201811250nyj,77982,25,1,1,0,0,0,283,31,20,2,283,11,27,36,1,215,12,5,34:26,0,498,0,105,0,"Sunday Nov 25, 2018",2018-11-25 13:00:00,2:58,18,1,0,0,0,1,264,45,26,1,276,8,13,15,0,74,14,6,25:34,2,338,1,47,12,NYJ,New York Jets,46.5 (under),Outdoors,MetLife Stadium,Fieldturf,1:00pm,New England Patriots -13.0,"54 degrees, wind 8 mph",Away,NWE,New England Patriots,Patriots (deferred),12
201811250cin,56122,24,1,1,0,0,0,258,26,19,4,258,7,35,35,1,84,10,5,32:04,0,342,0,61,0,"Sunday Nov 25, 2018",2018-11-25 13:00:00,3:18,25,4,2,1,1,1,243,46,27,2,255,13,20,20,1,129,12,4,27:56,1,372,2,96,12,CIN,Cincinnati Bengals,46.5 (over),Outdoors,Paul Brown Stadium,Fieldturf,1:00pm,Cleveland Browns -1.0,"44 degrees, wind 4 mph",Away,CLE,Cleveland Browns,Bengals (deferred),12
201811250car,74002,21,2,2,1,0,0,322,31,22,2,339,4,30,28,1,75,14,6,30:26,2,397,0,36,17,"Sunday Nov 25, 2018",2018-11-25 13:00:00,3:03,26,1,0,5,0,1,256,30,25,2,256,3,27,27,1,220,8,3,29:34,0,476,1,30,0,CAR,Carolina Panthers,46.5 (over),Outdoors,Bank of America Stadium,Grass,1:00pm,Carolina Panthers -3.0,"57 degrees, wind 1 mph",Away,SEA,Seattle Seahawks,Panthers (deferred),12
201811250buf,57799,25,0,0,0,0,2,107,23,12,1,127,10,21,39,2,226,13,5,32:42,3,333,2,90,20,"Sunday Nov 25, 2018",2018-11-25 13:00:00,3:22,18,0,0,2,0,0,160,19,8,1,160,13,24,35,2,167,10,2,27:18,0,327,0,80,0,JAX,Jacksonville Jaguars,36.5 (over),Outdoors,New Era Field,A_Turf,1:00pm,Jacksonville Jaguars -3.0,"44 degrees, wind 12 mph",Home,BUF,Buffalo Bills,Jaguars (deferred),12
201811250sdg,25343,10,1,0,1,0,1,87,19,12,1,105,3,10,24,0,62,12,4,24:42,2,149,1,35,18,"Sunday Nov 25, 2018",2018-11-25 16:05:00,2:45,30,1,1,1,1,0,236,32,28,3,259,4,45,30,3,178,7,3,35:18,4,414,1,30,23,CRD,Arizona Cardinals,43.0 (over),Outdoors,StubHub Center,Grass,4:05pm,Los Angeles Chargers -14.0,"74 degrees, wind 3 mph",Home,SDG,Los Angeles Chargers,Chargers (deferred),12
201811250den,76536,25,1,1,4,2,2,452,58,42,2,464,5,17,16,0,75,14,5,35:00,2,527,4,34,12,"Sunday Nov 25, 2018",2018-11-25 16:25:00,3:03,17,0,0,0,0,0,184,28,15,2,197,6,24,23,1,124,11,3,25:00,2,308,0,50,13,PIT,Pittsburgh Steelers,47.5 (under),Outdoors,Sports Authority Field at Mile High,Grass,4:25pm,Pittsburgh Steelers -3.0,"41 degrees, wind 7 mph",Home,DEN,Denver Broncos,Steelers (deferred),12
201811250clt,57069,14,0,0,2,1,0,201,25,17,2,204,10,24,25,1,113,11,4,28:06,1,314,1,75,3,"Sunday Nov 25, 2018",2018-11-25 16:25:00,2:56,26,2,2,2,1,2,337,38,31,3,347,7,27,26,0,118,12,4,31:54,1,455,3,52,10,MIA,Miami Dolphins,52.5 (under),Retractable Roof (Closed),Lucas Oil Stadium,Fieldturf,4:25pm,Indianapolis Colts -9.0,,Home,CLT,Indianapolis Colts,Colts (deferred),12
201811250min,66872,14,1,0,1,1,0,172,28,17,1,198,4,17,19,1,82,10,2,25:23,4,254,1,20,26,"Sunday Nov 25, 2018",2018-11-25 20:20:00,3:07,22,1,0,0,0,0,325,38,29,3,342,6,24,29,0,91,14,7,34:37,2,416,0,55,17,GNB,Green Bay Packers,48.0 (under),Dome,U.S. Bank Stadium,Sportturf,8:20pm,Minnesota Vikings -3.5,,Home,MIN,Minnesota Vikings,Vikings,12
201811260htx,71826,14,1,0,2,1,0,260,23,22,2,303,7,17,23,0,105,12,4,30:02,6,365,1,50,43,"Monday Nov 26, 2018",2018-11-26 20:15:00,2:44,19,1,1,1,0,0,181,24,19,2,210,3,34,34,2,281,11,4,29:58,4,462,0,53,29,OTI,Tennessee Titans,42.5 (over),Retractable Roof (Closed),NRG Stadium,Astroturf,8:15pm,Houston Texans -3.5,,Home,HTX,Houston Texans,Texans (deferred),12
201811290dal,93004,14,1,0,3,0,1,111,28,18,1,127,5,10,19,0,65,11,3,23:07,2,176,1,48,16,"Thursday Nov 29, 2018",2018-11-29 20:20:00,2:58,21,0,0,3,2,0,209,28,24,1,249,8,13,31,0,99,14,7,36:53,7,308,2,80,40,NOR,New Orleans Saints,51.5 (under),Retractable Roof (Closed),AT&T Stadium,Matrixturf,8:20pm,New Orleans Saints -7.5,,Home,DAL,Dallas Cowboys,Saints (deferred),13
201812020cin,44392,16,0,0,1,1,0,143,21,12,1,151,7,24,34,2,218,13,5,28:40,2,361,1,60,8,"Sunday Dec 2, 2018",2018-12-02 13:00:00,3:13,20,0,0,2,2,1,202,37,25,1,236,12,10,23,0,111,13,5,31:20,4,313,3,100,34,CIN,Cincinnati Bengals,45.0 (under),Outdoors,Paul Brown Stadium,Fieldturf,1:00pm,Denver Broncos -4.0,"63 degrees, wind 12 mph",Away,DEN,Denver Broncos,Bengals (deferred),13
201812020atl,72262,25,2,2,4,1,0,159,26,15,0,167,9,26,49,1,207,15,7,39:39,2,366,1,88,8,"Sunday Dec 2, 2018",2018-12-02 13:00:00,3:09,16,1,0,2,1,0,97,27,16,1,131,8,16,15,0,34,9,2,20:21,3,131,1,82,34,ATL,Atlanta Falcons,46.5 (under),Retractable Roof (Open),Mercedes-Benz Stadium,Fieldturf,1:00pm,Atlanta Falcons -2.5,,Away,RAV,Baltimore Ravens,Ravens (deferred),13
201812020tam,52568,27,1,0,1,0,4,276,42,28,2,300,7,17,19,0,168,8,3,30:06,4,444,4,104,24,"Sunday Dec 2, 2018",2018-12-02 13:00:00,3:02,18,0,0,2,1,0,220,30,20,2,249,9,24,25,1,95,13,6,29:54,4,315,1,69,29,CAR,Carolina Panthers,52.0 (under),Outdoors,Raymond James Stadium,Grass,1:00pm,Carolina Panthers -3.5,"81 degrees, wind 15 mph",Home,TAM,Tampa Bay Buccaneers,Panthers (deferred),13
201812020nyg,76465,23,5,4,6,1,2,258,40,27,2,286,8,27,32,1,118,15,2,33:58,5,376,3,58,28,"Sunday Dec 2, 2018",2018-12-02 13:00:00,3:34,18,2,2,0,0,1,197,36,20,2,219,12,30,29,0,141,17,6,33:13,3,338,1,107,22,CHI,Chicago Bears,44.0 (over),Outdoors,MetLife Stadium,Fieldturf,1:00pm,Chicago Bears -4.0,"52 degrees, wind 3 mph",Home,NYG,New York Giants,Giants (deferred),13
201812020mia,65155,24,1,0,3,1,2,217,33,18,2,231,13,17,31,0,198,13,5,32:57,2,415,3,120,14,"Sunday Dec 2, 2018",2018-12-02 13:00:00,3:10,15,0,0,1,0,1,115,24,16,3,137,8,21,23,0,60,9,2,27:03,3,175,1,89,22,BUF,Buffalo Bills,40.0 (under),Outdoors,Hard Rock Stadium,Grass,1:00pm,Miami Dolphins -3.5,"86 degrees, wind 15 mph",Home,MIA,Miami Dolphins,Bills (deferred),13
201812020jax,67030,19,3,0,1,1,1,224,52,33,0,248,6,0,16,0,41,18,5,30:27,3,265,2,65,24,"Sunday Dec 2, 2018",2018-12-02 13:00:00,2:51,11,0,0,2,1,0,132,24,18,0,150,8,6,27,0,79,15,6,29:33,3,211,1,74,18,CLT,Indianapolis Colts,45.5 (under),Outdoors,TIAA Bank Stadium,Grass,1:00pm,Indianapolis Colts -4.0,"78 degrees, wind 13 mph",Home,JAX,Jacksonville Jaguars,Colts (deferred),13
201812020htx,71741,20,2,0,1,1,3,397,43,29,1,397,6,13,9,1,31,8,2,22:25,0,428,4,45,0,"Sunday Dec 2, 2018",2018-12-02 13:00:00,3:02,25,0,0,2,0,0,197,31,22,1,224,5,29,39,0,187,16,8,37:35,4,384,0,77,27,CLE,Cleveland Browns,47.5 (under),Retractable Roof (Closed),NRG Stadium,Astroturf,1:00pm,Houston Texans -5.0,,Home,HTX,Houston Texans,Browns (deferred),13
201812020gnb,77234,18,0,0,3,0,0,133,26,11,0,149,7,20,29,2,182,13,5,27:34,2,315,0,49,16,"Sunday Dec 2, 2018",2018-12-02 13:00:00,3:10,22,2,2,0,0,0,227,50,31,1,233,7,17,23,1,98,14,3,32:26,1,325,0,43,6,GNB,Green Bay Packers,41.0 (under),Outdoors,Lambeau Field,Grass,1:00pm,Green Bay Packers -13.5,"34 degrees, wind 20 mph",Away,CRD,Arizona Cardinals,Cardinals (deferred),13
201812020det,60974,24,0,0,1,1,1,195,33,17,1,207,7,30,29,2,149,11,5,28:16,2,344,2,105,12,"Sunday Dec 2, 2018",2018-12-02 13:00:00,3:14,23,0,0,1,1,1,208,34,20,1,245,8,16,26,0,102,12,2,31:44,4,310,2,54,37,DET,Detroit Lions,54.0 (under),Dome,Ford Field,Fieldturf,1:00pm,Los Angeles Rams -10.5,,Away,RAM,Los Angeles Rams,Lions (deferred),13
201812020rai,54255,25,1,1,1,1,0,295,38,23,4,295,11,40,30,1,174,13,6,29:14,0,469,1,94,0,"Sunday Dec 2, 2018",2018-12-02 16:05:00,3:17,28,0,0,4,3,0,271,38,29,3,285,8,33,28,1,171,12,9,30:46,3,442,3,74,14,RAI,Oakland Raiders,53.5 (over),Outdoors,Oakland-Alameda County Coliseum,Grass,4:05pm,Kansas City Chiefs -14.0,"57 degrees, wind 6 mph",Away,KAN,Kansas City Chiefs,Raiders (deferred),13
201812020oti,60904,15,0,0,0,0,1,124,30,17,0,128,11,22,33,0,156,14,3,33:22,2,280,1,96,4,"Sunday Dec 2, 2018",2018-12-02 16:05:00,3:17,22,0,0,2,0,1,273,35,20,2,282,8,26,22,1,130,11,1,26:38,3,403,1,75,9,NYJ,New York Jets,40.5 (over),Outdoors,Nissan Stadium,Grass,4:05pm,Tennessee Titans -10.5,"70 degrees, wind 13 mph",Home,OTI,Tennessee Titans,Jets (deferred),13
201812020sea,69009,24,2,1,3,2,1,386,48,30,2,414,13,16,23,0,66,16,7,32:30,3,452,3,128,28,"Sunday Dec 2, 2018",2018-12-02 16:25:00,3:15,21,0,0,0,0,0,163,17,11,4,185,10,43,29,1,168,9,4,27:30,3,331,0,100,22,SFO,San Francisco 49ers,45.5 (over),Outdoors,CenturyLink Field,Fieldturf,4:25pm,Seattle Seahawks -10.0,"45 degrees, wind 2 mph",Home,SEA,Seattle Seahawks,Seahawks (deferred),13
201812020nwe,65878,16,2,1,0,0,2,183,44,32,1,201,5,10,13,0,95,12,3,26:39,2,278,2,55,18,"Sunday Dec 2, 2018",2018-12-02 16:25:00,2:58,27,1,1,0,0,1,311,32,24,1,311,7,24,39,2,160,14,7,33:21,0,471,1,60,0,MIN,Minnesota Vikings,49.5 (under),Outdoors,Gillette Stadium,Fieldturf,4:25pm,New England Patriots -6.0,"53 degrees, wind 6 mph",Home,NWE,New England Patriots,Patriots (deferred),13
201812020pit,61069,22,0,0,0,0,0,286,36,26,2,299,5,33,22,1,85,11,6,31:12,2,371,0,80,13,"Sunday Dec 2, 2018",2018-12-02 20:20:00,3:10,23,1,1,1,0,1,271,45,29,2,281,7,30,17,2,65,10,3,28:48,1,336,1,59,10,PIT,Pittsburgh Steelers,52.5 (over),Outdoors,Heinz Field,Grass,8:20pm,Pittsburgh Steelers -3.0,"57 degrees, wind 8 mph",Away,SDG,Los Angeles Chargers,Steelers (deferred),13
201812030phi,69696,10,0,0,2,0,1,131,25,17,0,150,10,13,14,1,104,10,2,20:41,3,235,1,69,19,"Monday Dec 3, 2018",2018-12-03 20:15:00,2:57,28,1,0,3,0,1,306,39,27,2,306,5,28,33,1,130,13,7,39:19,0,436,1,38,0,WAS,Washington Redskins,45.0 (under),Outdoors,Lincoln Financial Field,Grass,8:15pm,Philadelphia Eagles -5.5,"36 degrees, wind 15 mph",Home,PHI,Philadelphia Eagles,Redskins (deferred),13
201812060oti,60344,17,5,2,1,1,0,195,43,25,1,240,7,9,20,0,60,12,2,30:40,4,255,1,67,45,"Thursday Dec 6, 2018",2018-12-06 20:20:00,2:58,21,1,0,1,0,1,162,24,18,0,162,3,30,32,4,264,11,7,29:20,1,426,1,30,0,JAX,Jacksonville Jaguars,37.5 (over),Outdoors,Nissan Stadium,Grass,8:20pm,Tennessee Titans -5.5,"44 degrees, wind 5 mph",Home,OTI,Tennessee Titans,Jaguars (deferred),14
201812090buf,59119,15,1,1,2,1,1,170,25,16,1,170,7,27,28,2,78,13,6,26:13,0,248,2,93,0,"Sunday Dec 9, 2018",2018-12-09 13:00:00,3:12,24,0,0,1,1,2,192,37,18,0,206,7,23,31,2,176,14,7,33:47,3,368,3,47,14,BUF,Buffalo Bills,37.0 (over),Outdoors,New Era Field,A_Turf,1:00pm,Buffalo Bills -4.5,"31 degrees, wind 12 mph",Away,NYJ,New York Jets,Jets (deferred),14
201812090was,57437,19,0,0,0,0,1,175,27,14,3,197,2,40,34,1,227,13,4,30:09,2,402,1,18,22,"Sunday Dec 9, 2018",2018-12-09 13:00:00,3:01,12,1,0,1,0,3,204,30,17,1,233,15,16,22,1,84,11,2,29:51,5,288,3,135,29,WAS,Washington Redskins,40.5 (over),Outdoors,FedExField,Grass,1:00pm,New York Giants -3.0,"33 degrees, wind 6 mph",Away,NYG,New York Giants,Giants (deferred),14
201812090tam,53495,19,1,1,1,1,1,198,31,24,1,201,6,28,30,2,100,12,6,31:53,1,298,2,51,3,"Sunday Dec 9, 2018",2018-12-09 13:00:00,3:12,20,0,0,1,0,1,174,38,18,2,213,10,14,23,0,105,14,6,28:07,4,279,1,84,39,TAM,Tampa Bay Buccaneers,54.0 (under),Outdoors,Raymond James Stadium,Grass,1:00pm,New Orleans Saints -10.0,"71 degrees, wind 7 mph",Away,NOR,New Orleans Saints,Saints (deferred),14
201812090mia,66087,28,0,0,0,0,0,344,43,27,3,358,5,33,30,1,77,16,9,35:14,2,421,0,30,14,"Sunday Dec 9, 2018",2018-12-09 13:00:00,3:08,20,0,0,2,0,0,223,19,14,3,265,7,34,21,2,189,7,1,24:46,5,412,0,81,42,NWE,New England Patriots,49.5 (over),Outdoors,Hard Rock Stadium,Grass,1:00pm,New England Patriots -9.5,"82 degrees, wind 13 mph",Home,MIA,Miami Dolphins,Dolphins (deferred),14
201812090kan,74336,24,3,1,1,1,0,127,26,13,2,147,11,24,40,1,194,12,5,31:27,2,321,1,112,20,"Sunday Dec 9, 2018",2018-12-09 13:00:00,3:28,30,3,3,1,0,1,348,53,35,2,377,7,27,27,1,94,16,6,37:00,3,442,1,53,29,RAV,Baltimore Ravens,48.5 (over),Outdoors,Arrowhead Stadium,Grass,1:00pm,Kansas City Chiefs -6.5,"27 degrees, no wind",Home,KAN,Kansas City Chiefs,Ravens (deferred),14
201812090htx,71814,24,0,0,1,0,1,386,41,27,2,399,9,24,23,1,50,12,4,28:03,2,436,1,59,13,"Sunday Dec 9, 2018",2018-12-09 13:00:00,3:10,25,2,2,0,0,0,226,38,27,1,267,7,21,25,2,89,15,5,31:57,5,315,0,35,41,HTX,Houston Texans,49.0 (under),Retractable Roof (Closed),NRG Stadium,Astroturf,1:00pm,Houston Texans -4.0,,Away,CLT,Indianapolis Colts,Texans (deferred),14
201812090gnb,77329,22,3,3,3,1,1,237,42,28,3,262,13,20,24,0,107,12,3,30:49,2,344,2,101,25,"Sunday Dec 9, 2018",2018-12-09 13:00:00,3:12,23,0,0,2,0,0,162,32,21,2,196,6,34,25,1,138,13,7,29:11,4,300,0,37,34,ATL,Atlanta Falcons,50.5 (over),Outdoors,Lambeau Field,Grass,1:00pm,Green Bay Packers -4.0,"25 degrees, wind 10 mph",Home,GNB,Green Bay Packers,Packers (deferred),14
201812090cle,59392,22,3,2,0,0,1,297,43,27,0,298,10,20,25,2,96,14,5,33:50,1,393,1,68,1,"Sunday Dec 9, 2018",2018-12-09 13:00:00,3:10,12,0,0,3,2,0,232,23,18,1,238,7,26,21,2,116,9,4,26:10,1,348,2,52,6,CAR,Carolina Panthers,47.5 (under),Outdoors,FirstEnergy Stadium,Grass,1:00pm,Carolina Panthers -1.0,"28 degrees, wind 4 mph",Home,CLE,Cleveland Browns,Browns (deferred),14
201812090sfo,69449,22,7,5,4,0,0,171,42,24,1,186,11,14,27,1,103,15,2,29:19,2,274,0,62,15,"Sunday Dec 9, 2018",2018-12-09 16:05:00,3:19,24,1,0,3,0,1,305,33,20,2,332,11,20,30,0,84,13,4,30:41,3,389,1,87,27,DEN,Denver Broncos,45.5 (under),Outdoors,Levi's Stadium,Grass,4:05pm,Denver Broncos -3.0,"54 degrees, wind 3 mph",Home,SFO,San Francisco 49ers,Broncos (deferred),14
201812090sdg,25358,19,1,0,0,0,0,151,27,18,1,170,6,21,32,1,144,13,5,32:38,3,295,0,34,19,"Sunday Dec 9, 2018",2018-12-09 16:05:00,2:58,17,1,1,0,0,0,203,29,19,1,220,6,26,25,1,85,13,5,27:22,2,288,0,38,17,CIN,Cincinnati Bengals,48.5 (under),Outdoors,StubHub Center,Grass,4:05pm,Los Angeles Chargers -17.0,,Home,SDG,Los Angeles Chargers,Bengals (deferred),14
201812090rai,53960,24,1,0,0,0,1,300,38,29,2,306,2,21,19,1,40,11,6,27:24,1,340,1,14,6,"Sunday Dec 9, 2018",2018-12-09 16:25:00,3:04,20,2,2,1,1,0,299,34,25,2,322,13,24,25,1,55,12,4,32:36,4,354,1,130,23,PIT,Pittsburgh Steelers,51.0 (under),Outdoors,Oakland-Alameda County Coliseum,Grass,4:25pm,Pittsburgh Steelers -10.5,"55 degrees, wind 8 mph",Home,RAI,Oakland Raiders,Steelers (deferred),14
201812090dal,93127,16,1,1,1,1,0,222,32,22,3,228,5,23,14,0,34,9,1,22:32,2,256,1,49,6,"Sunday Dec 9, 2018",2018-12-09 16:25:00,3:28,32,1,1,2,1,2,434,54,42,3,455,11,29,36,0,142,18,9,45:33,3,576,3,110,21,PHI,Philadelphia Eagles,45.5 (over),Retractable Roof (Closed),AT&T Stadium,Matrixturf,4:25pm,Dallas Cowboys -3.5,,Home,DAL,Dallas Cowboys,Eagles (deferred),14
201812090crd,62014,16,0,0,2,1,0,96,23,15,0,101,7,17,31,1,122,12,4,28:16,1,218,1,68,5,"Sunday Dec 9, 2018",2018-12-09 16:25:00,2:57,22,1,0,2,0,1,218,41,26,0,240,8,3,21,0,61,16,6,31:44,3,279,1,83,22,CRD,Arizona Cardinals,40.5 (under),Retractable Roof (Closed),State Farm Stadium,Grass,4:25pm,Detroit Lions -2.5,,Away,DET,Detroit Lions,Cardinals (deferred),14
201812090chi,61695,14,3,1,1,0,4,162,45,21,0,187,9,6,13,0,52,12,3,23:11,3,214,4,57,25,"Sunday Dec 9, 2018",2018-12-09 20:20:00,3:12,17,0,0,0,0,3,100,30,16,1,110,6,15,35,0,194,16,7,36:49,1,294,3,45,10,RAM,Los Angeles Rams,51.0 (under),Outdoors,Soldier Field,Grass,8:20pm,Los Angeles Rams -3.0,"29 degrees, wind 4 mph",Home,CHI,Chicago Bears,Rams (deferred),14
201812100sea,69007,16,2,0,1,1,0,199,33,20,1,208,4,7,21,0,77,10,2,28:11,2,276,1,51,9,"Monday Dec 10, 2018",2018-12-10 20:15:00,2:55,19,1,1,0,0,1,60,20,10,0,72,4,21,42,1,214,11,3,31:49,2,274,1,45,12,MIN,Minnesota Vikings,45.5 (under),Outdoors,CenturyLink Field,Fieldturf,8:15pm,Seattle Seahawks -3.0,"48 degrees, wind 9 mph",Home,SEA,Seattle Seahawks,Seahawks (deferred),14
201812130kan,75091,30,1,1,2,0,2,288,38,26,2,313,7,29,24,2,119,10,6,33:16,5,407,2,50,25,"Thursday Dec 13, 2018",2018-12-13 20:20:00,3:09,22,0,0,2,0,0,234,34,24,2,243,10,28,17,2,60,10,6,26:44,2,294,0,66,9,KAN,Kansas City Chiefs,54.0 (over),Outdoors,Arrowhead Stadium,Grass,8:20pm,Kansas City Chiefs -3.5,"39 degrees, wind 5 mph",Away,SDG,Los Angeles Chargers,Chiefs (deferred),15
201812150nyj,77982,15,0,0,0,0,0,239,28,22,2,294,5,29,17,0,47,9,1,24:56,6,286,0,43,55,"Saturday Dec 15, 2018",2018-12-15 16:30:00,3:09,21,3,1,1,1,0,228,38,24,2,253,9,22,31,1,90,17,9,35:04,3,318,1,60,25,NYJ,New York Jets,44.0 (over),Outdoors,MetLife Stadium,Fieldturf,4:30pm,Houston Texans -7.0,"51 degrees, wind 8 mph",Away,HTX,Houston Texans,Texans (deferred),15
201812150den,76596,21,2,1,1,1,1,175,31,18,2,188,6,17,28,0,134,12,5,27:18,2,309,2,75,13,"Saturday Dec 15, 2018",2018-12-15 20:20:00,3:06,22,2,1,0,0,2,238,48,31,0,257,8,16,20,1,32,14,5,32:42,2,270,2,51,19,DEN,Denver Broncos,47.0 (under),Outdoors,Sports Authority Field at Mile High,Grass,8:20pm,Denver Broncos -1.0,"46 degrees, no wind",Away,CLE,Cleveland Browns,Browns (deferred),15
201812160rav,70031,12,1,0,0,0,1,156,25,13,0,157,6,12,21,1,85,10,3,22:50,1,241,1,58,1,"Sunday Dec 16, 2018",2018-12-16 13:00:00,2:50,24,1,1,2,2,0,128,23,14,1,131,8,20,49,1,242,16,9,37:10,2,370,2,70,3,TAM,Tampa Bay Buccaneers,45.0 (under),Outdoors,M&T Bank Stadium,Grass,1:00pm,Baltimore Ravens -8.5,"43 degrees, wind 10 mph",Home,RAV,Baltimore Ravens,Ravens (deferred),15
201812160nyg,74538,22,1,1,0,0,0,86,21,13,0,94,4,17,45,2,215,14,5,35:21,1,301,0,35,8,"Sunday Dec 16, 2018",2018-12-16 13:00:00,3:07,15,3,2,1,1,1,213,44,21,0,229,10,0,16,0,47,16,3,24:39,3,260,2,58,16,NYG,New York Giants,42.0 (under),Outdoors,MetLife Stadium,Fieldturf,1:00pm,Tennessee Titans -2.5,"40 degrees, wind 6 mph",Away,OTI,Tennessee Titans,Giants (deferred),15
201812160min,66841,12,2,0,1,0,0,37,24,11,0,108,8,17,20,1,156,12,2,26:44,9,193,0,49,71,"Sunday Dec 16, 2018",2018-12-16 13:00:00,3:03,22,0,0,0,0,1,198,21,14,2,215,6,41,40,3,220,13,5,33:16,2,418,1,45,17,MIA,Miami Dolphins,45.0 (over),Dome,U.S. Bank Stadium,Sportturf,1:00pm,Minnesota Vikings -7.5,,Home,MIN,Minnesota Vikings,Dolphins (deferred),15
201812160jax,67577,16,0,0,2,0,0,136,25,16,1,151,6,16,33,0,109,15,7,33:06,3,245,0,48,15,"Sunday Dec 16, 2018",2018-12-16 13:00:00,2:52,11,0,0,1,1,1,20,17,9,0,57,8,13,26,0,172,13,5,26:54,6,192,2,55,37,JAX,Jacksonville Jaguars,36.5 (under),Outdoors,TIAA Bank Stadium,Grass,1:00pm,Jacksonville Jaguars -7.5,"64 degrees, wind 12 mph",Away,WAS,Washington Redskins,Redskins (deferred),15
201812160clt,66654,19,5,1,1,0,1,180,39,24,0,206,9,0,22,0,112,12,4,28:12,3,292,1,74,26,"Sunday Dec 16, 2018",2018-12-16 13:00:00,2:54,25,0,0,2,1,0,192,27,16,0,192,6,23,39,2,178,12,8,31:48,0,370,1,55,0,DAL,Dallas Cowboys,46.5 (under),Retractable Roof (Closed),Lucas Oil Stadium,Fieldturf,1:00pm,Indianapolis Colts -3.0,,Home,CLT,Indianapolis Colts,Colts (deferred),15
201812160cin,44568,13,0,0,2,2,0,229,38,21,1,263,8,16,16,0,68,14,3,26:41,5,297,2,90,34,"Sunday Dec 16, 2018",2018-12-16 13:00:00,3:13,18,2,2,0,0,1,123,33,14,1,130,9,30,41,2,171,19,8,33:19,1,294,1,85,7,RAI,Oakland Raiders,46.0 (push),Outdoors,Paul Brown Stadium,Fieldturf,1:00pm,Cincinnati Bengals -3.0,"43 degrees, wind 2 mph",Home,CIN,Cincinnati Bengals,Bengals (deferred),15
201812160chi,62372,19,1,1,1,0,1,235,42,25,0,274,7,17,19,1,88,14,5,29:37,5,323,1,48,39,"Sunday Dec 16, 2018",2018-12-16 13:00:00,2:58,19,1,0,3,1,0,232,28,20,2,235,4,24,29,1,100,10,3,30:23,1,332,1,24,3,GNB,Green Bay Packers,46.5 (under),Outdoors,Soldier Field,Grass,1:00pm,Chicago Bears -5.5,"45 degrees, wind 10 mph",Home,CHI,Chicago Bears,Packers (deferred),15
201812160buf,59110,14,0,0,0,0,0,208,29,22,1,208,4,13,26,1,105,13,5,28:54,0,313,0,81,0,"Sunday Dec 16, 2018",2018-12-16 13:00:00,2:58,20,2,1,1,0,0,195,26,13,1,204,3,14,37,1,117,12,3,31:06,1,312,0,20,9,DET,Detroit Lions,40.0 (under),Outdoors,New Era Field,A_Turf,1:00pm,Buffalo Bills -2.5,"39 degrees, wind 7 mph",Home,BUF,Buffalo Bills,Lions (deferred),15
201812160atl,72084,18,2,2,1,1,2,193,36,23,1,243,8,14,22,1,60,13,3,29:20,7,253,3,75,50,"Sunday Dec 16, 2018",2018-12-16 13:00:00,3:07,23,0,0,0,0,0,220,36,22,2,231,6,40,27,2,215,13,5,30:40,2,435,0,50,11,CRD,Arizona Cardinals,43.5 (over),Retractable Roof (Closed),Mercedes-Benz Stadium,Fieldturf,1:00pm,Atlanta Falcons -10.0,,Home,ATL,Atlanta Falcons,Cardinals (deferred),15
201812160sfo,68836,18,1,1,1,0,0,217,31,23,2,237,14,23,35,1,168,19,9,37:14,3,385,0,148,20,"Sunday Dec 16, 2018",2018-12-16 16:05:00,3:18,20,0,0,1,1,0,257,29,20,1,275,8,26,26,0,94,10,3,29:40,3,351,1,66,18,SEA,Seattle Seahawks,44.0 (over),Outdoors,Levi's Stadium,Grass,4:05pm,Seattle Seahawks -3.5,"61 degrees, wind 11 mph",Home,SFO,San Francisco 49ers,Seahawks (deferred),15
201812160pit,65280,18,1,0,0,0,1,272,36,25,1,279,14,10,19,0,96,10,3,29:11,1,368,1,106,7,"Sunday Dec 16, 2018",2018-12-16 16:25:00,2:56,24,0,0,0,0,2,218,34,22,2,235,4,17,25,0,158,9,4,30:49,2,376,2,40,17,NWE,New England Patriots,56.0 (under),Outdoors,Heinz Field,Grass,4:25pm,New England Patriots -2.5,"42 degrees, wind 5 mph",Home,PIT,Pittsburgh Steelers,Steelers,15
201812160ram,74210,17,1,0,0,0,1,270,31,24,0,270,6,30,30,3,111,13,4,31:36,0,381,1,49,0,"Sunday Dec 16, 2018",2018-12-16 20:20:00,3:15,23,1,0,3,2,1,325,54,35,0,339,5,23,18,2,82,12,4,28:24,2,407,3,50,14,RAM,Los Angeles Rams,52.5 (over),Outdoors,Los Angeles Memorial Coliseum,Grass,8:20pm,Los Angeles Rams -13.5,"60 degrees, wind 5 mph",Away,PHI,Philadelphia Eagles,Eagles (deferred),15
201812170car,74188,21,1,1,1,1,1,191,35,23,0,203,9,12,32,1,155,13,4,35:09,2,346,2,80,12,"Monday Dec 17, 2018",2018-12-17 20:15:00,3:02,13,2,1,1,1,1,149,30,17,1,181,4,9,23,0,98,15,7,24:51,4,247,2,48,32,CAR,Carolina Panthers,50.5 (under),Outdoors,Bank of America Stadium,Grass,8:15pm,New Orleans Saints -6.0,"48 degrees, wind 3 mph",Away,NOR,New Orleans Saints,Saints (deferred),15
201812220oti,60746,17,0,0,0,0,2,131,23,13,1,153,8,16,34,0,161,14,8,33:03,2,292,2,49,22,"Saturday Dec 22, 2018",2018-12-22 16:30:00,2:44,20,0,0,0,0,0,192,25,17,1,211,2,25,27,1,99,11,5,26:57,3,291,0,10,19,WAS,Washington Redskins,37.5 (over),Outdoors,Nissan Stadium,Grass,4:30pm,Tennessee Titans -11.5,"51 degrees, wind 9 mph",Home,OTI,Tennessee Titans,Titans (deferred),16
201812220sdg,25571,15,2,1,2,1,0,202,22,12,1,204,4,22,35,0,159,14,4,31:25,3,361,1,40,2,"Saturday Dec 22, 2018",2018-12-22 20:20:00,2:56,14,0,0,2,1,2,147,37,23,0,181,8,10,16,1,51,13,4,28:35,4,198,3,69,34,SDG,Los Angeles Chargers,42.5 (under),Outdoors,StubHub Center,Grass,8:20pm,Los Angeles Chargers -4.0,"60 degrees, wind 5 mph",Away,RAV,Baltimore Ravens,Ravens (deferred),16
201812230car,73722,16,0,0,2,2,0,233,26,15,3,239,4,24,21,0,194,10,4,22:31,1,427,2,41,6,"Sunday Dec 23, 2018",2018-12-23 13:00:00,3:00,29,2,0,2,1,3,295,57,37,1,312,10,10,25,0,141,14,7,37:29,2,436,4,86,17,CAR,Carolina Panthers,46.0 (under),Outdoors,Bank of America Stadium,Grass,1:00pm,Atlanta Falcons -3.0,"52 degrees, wind 7 mph",Away,ATL,Atlanta Falcons,Falcons (deferred),16
201812230phi,69696,25,1,0,2,1,0,309,40,29,2,339,10,30,19,2,62,10,3,26:15,4,371,1,61,30,"Sunday Dec 23, 2018",2018-12-23 13:00:00,3:17,25,4,4,3,2,1,462,50,35,4,471,11,32,22,0,57,16,9,33:45,1,519,3,105,9,HTX,Houston Texans,46.5 (over),Outdoors,Lincoln Financial Field,Grass,1:00pm,Philadelphia Eagles -1.0,"44 degrees, wind 5 mph",Home,PHI,Philadelphia Eagles,Eagles (deferred),16
201812230nyj,77982,35,2,2,2,1,0,413,55,37,2,442,10,44,20,3,127,12,5,34:19,4,540,1,86,29,"Sunday Dec 23, 2018",2018-12-23 13:00:00,3:47,23,2,2,1,0,0,323,35,24,3,341,16,38,20,1,47,11,3,29:18,2,370,0,172,18,NYJ,New York Jets,47.5 (over),Outdoors,MetLife Stadium,Fieldturf,1:00pm,Green Bay Packers -3.0,"43 degrees, wind 8 mph",Away,GNB,Green Bay Packers,Packers (deferred),16
201812230nwe,65878,14,1,0,1,1,2,217,41,20,1,217,3,12,18,0,72,12,2,24:22,0,289,3,29,0,"Sunday Dec 23, 2018",2018-12-23 13:00:00,3:01,20,2,1,1,1,2,117,25,13,1,126,5,24,47,2,273,12,3,35:38,1,390,3,49,9,BUF,Buffalo Bills,45.0 (under),Outdoors,Gillette Stadium,Fieldturf,1:00pm,New England Patriots -13.5,"40 degrees, wind 12 mph",Home,NWE,New England Patriots,Patriots (deferred),16
201812230mia,65798,19,0,0,2,1,0,118,24,17,0,145,10,17,32,1,126,13,6,34:45,6,244,1,97,27,"Sunday Dec 23, 2018",2018-12-23 13:00:00,2:50,11,0,0,1,1,1,121,22,15,1,146,10,7,18,0,62,9,2,25:15,3,183,2,95,25,MIA,Miami Dolphins,39.5 (under),Outdoors,Hard Rock Stadium,Grass,1:00pm,Miami Dolphins -3.0,"73 degrees, wind 9 mph",Away,JAX,Jacksonville Jaguars,Jaguars (deferred),16
201812230det,61641,16,1,0,0,0,0,240,28,21,3,253,11,27,28,0,100,13,4,28:32,2,340,0,78,13,"Sunday Dec 23, 2018",2018-12-23 13:00:00,3:09,17,3,1,1,0,0,137,43,23,0,161,7,9,23,0,86,16,4,31:28,3,223,0,55,24,DET,Detroit Lions,42.5 (under),Dome,Ford Field,Fieldturf,1:00pm,Minnesota Vikings -6.5,,Away,MIN,Minnesota Vikings,Vikings (deferred),16
201812230dal,92851,27,2,1,2,2,0,320,48,34,1,336,9,20,24,1,63,13,4,35:19,3,383,2,72,16,"Sunday Dec 23, 2018",2018-12-23 13:00:00,3:00,16,0,0,1,0,0,152,25,20,1,161,10,27,24,1,80,9,3,24:41,1,232,0,67,9,TAM,Tampa Bay Buccaneers,48.0 (under),Retractable Roof (Closed),AT&T Stadium,Matrixturf,1:00pm,Dallas Cowboys -7.5,,Home,DAL,Dallas Cowboys,Cowboys (deferred),16
201812230clt,61738,22,0,0,0,0,1,309,33,25,1,309,6,27,29,2,83,12,7,31:41,0,392,1,24,0,"Sunday Dec 23, 2018",2018-12-23 13:00:00,2:59,27,0,0,0,0,1,353,47,31,2,357,6,28,16,2,49,11,7,28:19,1,402,1,29,4,NYG,New York Giants,48.5 (over),Retractable Roof (Closed),Lucas Oil Stadium,Fieldturf,1:00pm,Indianapolis Colts -10.0,,Home,CLT,Indianapolis Colts,Giants (deferred),16
201812230cle,67431,15,1,1,1,0,0,107,19,13,2,133,3,18,24,0,102,8,1,24:29,3,209,0,15,26,"Sunday Dec 23, 2018",2018-12-23 13:00:00,2:45,23,1,1,0,0,0,347,38,28,3,347,6,26,28,0,146,12,5,35:31,0,493,0,57,0,CIN,Cincinnati Bengals,44.0 (push),Outdoors,FirstEnergy Stadium,Grass,1:00pm,Cleveland Browns -10.0,"37 degrees, wind 9 mph",Home,CLE,Cleveland Browns,Bengals (deferred),16
201812230sfo,70806,20,1,1,2,2,0,235,29,25,1,246,4,14,28,1,90,11,5,35:30,3,325,2,30,11,"Sunday Dec 23, 2018",2018-12-23 16:05:00,3:08,15,1,0,1,0,1,232,38,22,0,241,6,9,15,0,47,14,7,24:30,1,279,1,45,9,SFO,San Francisco 49ers,44.0 (under),Outdoors,Levi's Stadium,Grass,4:05pm,Chicago Bears -4.0,"50 degrees, wind 5 mph",Away,CHI,Chicago Bears,49ers (deferred),16
201812230crd,61759,33,0,0,1,1,0,192,24,19,1,216,6,31,41,3,269,9,6,37:04,2,461,1,66,24,"Sunday Dec 23, 2018",2018-12-23 16:05:00,2:57,15,2,1,0,0,0,159,31,18,1,182,7,9,18,0,104,11,2,22:56,4,263,0,54,23,CRD,Arizona Cardinals,43.0 (under),Retractable Roof (Closed),State Farm Stadium,Grass,4:05pm,Los Angeles Rams -14.5,,Away,RAM,Los Angeles Rams,Cardinals (deferred),16
201812230nor,73086,26,2,1,3,2,0,364,50,33,3,380,6,28,18,0,65,13,6,31:20,3,429,2,79,16,"Sunday Dec 23, 2018",2018-12-23 16:25:00,3:24,24,0,0,1,0,1,313,40,27,1,326,9,31,19,3,57,12,6,28:40,2,370,1,91,13,PIT,Pittsburgh Steelers,53.0 (over),Dome,Mercedes-Benz Superdome,Sportturf,4:25pm,New Orleans Saints -6.5,,Home,NOR,New Orleans Saints,Steelers,16
201812230sea,69067,22,1,1,3,2,0,265,40,23,3,273,8,31,19,0,154,12,5,24:58,1,419,2,76,8,"Sunday Dec 23, 2018",2018-12-23 20:20:00,3:21,31,0,0,1,0,0,254,29,18,3,271,3,38,43,2,210,14,7,35:02,3,464,0,20,17,KAN,Kansas City Chiefs,54.5 (over),Outdoors,CenturyLink Field,Fieldturf,8:20pm,Kansas City Chiefs -1.0,"43 degrees, wind 8 mph",Home,SEA,Seattle Seahawks,Seahawks (deferred),16
201812240rai,53850,19,2,1,1,0,2,200,37,23,2,202,11,14,24,0,100,14,6,29:52,1,300,2,91,2,"Monday Dec 24, 2018",2018-12-24 20:15:00,3:00,16,0,0,1,0,0,159,26,19,0,167,6,27,30,2,114,13,5,30:08,1,273,0,50,8,DEN,Denver Broncos,42.5 (under),Outdoors,Oakland-Alameda County Coliseum,Grass,8:15pm,Denver Broncos -2.5,"58 degrees, wind 14 mph",Home,RAI,Oakland Raiders,Raiders (deferred),16
201812300gnb,77341,25,1,1,0,0,0,272,33,21,3,274,3,31,38,1,130,14,7,36:54,1,402,0,34,2,"Sunday Dec 30, 2018",2018-12-30 13:00:00,2:45,9,3,1,0,0,1,129,40,19,0,158,5,0,13,0,46,16,5,23:06,3,175,1,38,29,GNB,Green Bay Packers,44.5 (under),Outdoors,Lambeau Field,Grass,1:00pm,Green Bay Packers -7.5,"26 degrees, wind 15 mph",Away,DET,Detroit Lions,Lions,17
201812300buf,67420,17,1,1,3,2,2,126,32,19,1,150,4,17,25,0,99,12,3,29:42,4,225,4,35,24,"Sunday Dec 30, 2018",2018-12-30 13:00:00,3:02,23,2,1,0,0,1,215,26,17,3,224,3,42,33,3,166,11,5,30:18,1,381,1,24,9,MIA,Miami Dolphins,39.5 (over),Outdoors,New Era Field,A_Turf,1:00pm,Buffalo Bills -5.5,"33 degrees, wind 9 mph",Home,BUF,Buffalo Bills,Dolphins (deferred),17
201812300tam,52884,27,0,0,0,0,1,380,45,32,3,383,9,34,30,1,109,13,6,34:46,1,489,1,85,3,"Sunday Dec 30, 2018",2018-12-30 13:00:00,3:08,22,0,0,1,0,1,341,35,22,4,345,3,32,20,0,92,10,4,25:14,1,433,1,30,4,TAM,Tampa Bay Buccaneers,51.5 (over),Outdoors,Raymond James Stadium,Grass,1:00pm,Atlanta Falcons -2.5,"80 degrees, wind 5 mph",Away,ATL,Atlanta Falcons,Falcons (deferred),17
201812300nyg,77750,23,2,2,1,1,0,368,44,27,4,387,6,36,22,1,51,17,11,30:52,4,419,1,46,19,"Sunday Dec 30, 2018",2018-12-30 13:00:00,3:11,20,3,2,1,1,1,298,41,24,2,301,11,35,25,2,143,15,7,29:08,1,441,2,78,3,NYG,New York Giants,38.5 (over),Outdoors,MetLife Stadium,Fieldturf,1:00pm,New York Giants -7.5,"37 degrees, wind 2 mph",Away,DAL,Dallas Cowboys,Cowboys (deferred),17
201812300nwe,65878,12,2,0,3,3,0,135,28,16,0,167,4,3,23,0,104,13,4,27:47,4,239,3,30,32,"Sunday Dec 30, 2018",2018-12-30 13:00:00,2:56,24,1,0,0,0,0,244,33,24,4,250,4,38,30,0,131,11,5,32:13,1,375,0,30,6,NYJ,New York Jets,46.5 (under),Outdoors,Gillette Stadium,Fieldturf,1:00pm,New England Patriots -14.5,"33 degrees, wind 2 mph",Home,NWE,New England Patriots,Jets (deferred),17
201812300nor,73028,25,2,1,0,0,0,263,30,18,2,268,2,33,37,2,111,13,6,33:26,1,374,0,10,5,"Sunday Dec 30, 2018",2018-12-30 13:00:00,3:00,17,1,0,0,0,1,110,22,14,1,118,6,14,27,1,184,10,4,26:34,2,294,1,94,8,NOR,New Orleans Saints,42.0 (over),Dome,Mercedes-Benz Superdome,Sportturf,1:00pm,New Orleans Saints -8.0,,Away,CAR,Carolina Panthers,Saints (deferred),17
201812300htx,71848,6,0,0,2,1,1,89,28,15,0,107,8,3,16,0,30,13,3,24:53,3,119,2,68,18,"Sunday Dec 30, 2018",2018-12-30 13:00:00,2:53,23,1,1,1,1,0,208,35,25,0,234,2,20,33,2,134,17,6,35:07,6,342,1,15,26,JAX,Jacksonville Jaguars,39.5 (under),Retractable Roof (Closed),NRG Stadium,Astroturf,1:00pm,Houston Texans -7.0,,Home,HTX,Houston Texans,Jaguars (deferred),17
201812300den,75947,17,0,0,3,2,2,160,24,14,1,176,6,23,30,1,116,11,4,28:12,1,276,4,51,16,"Sunday Dec 30, 2018",2018-12-30 16:25:00,3:03,19,2,1,4,3,1,288,48,31,1,292,11,9,25,0,82,14,4,31:48,1,370,4,99,4,DEN,Denver Broncos,43.5 (under),Outdoors,Sports Authority Field at Mile High,Grass,4:25pm,Los Angeles Chargers -7.0,"51 degrees, wind 6 mph",Away,SDG,Los Angeles Chargers,Broncos (deferred),17
201812300was,63188,25,1,1,1,0,1,231,34,29,3,243,5,24,34,0,129,14,8,43:19,3,360,1,25,12,"Sunday Dec 30, 2018",2018-12-30 16:25:00,2:38,8,4,2,1,0,1,68,28,13,0,98,2,0,12,0,21,9,0,16:41,4,89,1,15,30,WAS,Washington Redskins,42.5 (under),Outdoors,FedExField,Grass,4:25pm,Philadelphia Eagles -6.0,"46 degrees, wind 3 mph",Away,PHI,Philadelphia Eagles,Redskins,17
201812300sea,68990,12,2,1,3,2,0,113,34,18,1,149,3,24,24,0,85,17,4,30:51,6,198,2,20,36,"Sunday Dec 30, 2018",2018-12-30 16:25:00,3:03,16,0,0,0,0,1,109,21,12,1,152,1,27,34,2,182,14,4,29:09,6,291,1,10,43,CRD,Arizona Cardinals,39.5 (over),Outdoors,CenturyLink Field,Fieldturf,4:25pm,Seattle Seahawks -14.0,"45 degrees, wind 5 mph",Home,SEA,Seattle Seahawks,Seahawks (deferred),17
201812300rav,70925,18,1,0,0,0,3,376,42,23,3,376,4,24,14,0,50,11,4,21:30,0,426,3,35,0,"Sunday Dec 30, 2018",2018-12-30 16:25:00,3:15,24,1,1,2,1,0,167,24,14,0,179,10,26,47,2,296,13,3,38:30,2,463,1,65,12,CLE,Cleveland Browns,41.0 (over),Outdoors,M&T Bank Stadium,Grass,4:25pm,Baltimore Ravens -7.0,"48 degrees, wind 2 mph",Home,RAV,Baltimore Ravens,Ravens (deferred),17
201812300ram,72161,22,1,1,1,1,3,264,33,23,3,282,5,32,22,1,127,11,3,28:10,3,391,4,41,18,"Sunday Dec 30, 2018",2018-12-30 16:25:00,3:15,28,1,0,2,0,0,222,29,17,4,222,6,48,42,1,155,16,10,31:50,0,377,0,57,0,SFO,San Francisco 49ers,49.5 (over),Outdoors,Los Angeles Memorial Coliseum,Grass,4:25pm,Los Angeles Rams -10.5,"65 degrees, wind 3 mph",Home,RAM,Los Angeles Rams,Rams (deferred),17
201812300pit,63874,9,1,0,2,0,0,71,24,12,0,95,9,13,18,0,125,12,3,25:38,4,196,0,85,24,"Sunday Dec 30, 2018",2018-12-30 16:25:00,3:00,18,2,2,1,0,1,278,45,31,1,287,9,16,20,0,65,15,5,34:22,1,343,1,70,9,CIN,Cincinnati Bengals,45.0 (under),Outdoors,Heinz Field,Grass,4:25pm,Pittsburgh Steelers -14.0,"42 degrees, wind 9 mph",Home,PIT,Pittsburgh Steelers,Bengals (deferred),17
201812300min,66878,17,1,0,2,0,0,163,26,18,0,163,11,24,37,3,169,14,8,37:08,0,332,0,102,0,"Sunday Dec 30, 2018",2018-12-30 16:25:00,2:58,12,4,1,0,0,0,101,33,20,1,132,3,10,15,0,63,11,1,22:52,4,164,0,30,31,MIN,Minnesota Vikings,40.5 (under),Dome,U.S. Bank Stadium,Sportturf,4:25pm,Minnesota Vikings -6.0,,Away,CHI,Chicago Bears,Bears (deferred),17
201812300kan,77550,20,1,1,3,2,2,165,33,24,0,185,4,3,29,0,127,10,4,33:56,3,292,4,22,20,"Sunday Dec 30, 2018",2018-12-30 16:25:00,2:37,18,3,1,0,0,1,310,27,16,2,310,4,35,27,2,99,9,5,26:04,0,409,1,50,0,RAI,Oakland Raiders,52.5 (under),Outdoors,Arrowhead Stadium,Grass,4:25pm,Kansas City Chiefs -14.5,"45 degrees, wind 15 mph",Home,KAN,Kansas City Chiefs,Raiders (deferred),17
201812300oti,68978,24,1,1,1,1,1,278,35,24,3,285,12,33,36,1,158,13,5,40:13,1,436,2,96,7,"Sunday Dec 30, 2018",2018-12-30 20:20:00,3:04,11,1,0,1,1,2,165,29,18,1,165,9,17,16,0,93,9,1,19:47,0,258,3,75,0,OTI,Tennessee Titans,42.5 (over),Outdoors,Nissan Stadium,Grass,8:20pm,Indianapolis Colts -5.5,"53 degrees, wind 4 mph",Away,CLT,Indianapolis Colts,Colts (deferred),17
201901050htx,71798,26,0,0,0,0,1,222,32,19,2,222,2,21,35,1,200,14,9,31:14,0,422,1,10,0,"Saturday Jan 5, 2019",2019-01-05 16:35:00,2:58,20,5,2,0,0,1,217,49,29,1,235,8,7,16,0,105,13,3,28:46,3,322,1,67,18,HTX,Houston Texans,48.5 (under),Retractable Roof (Closed),NRG Stadium,Astroturf,4:35pm,Houston Texans -2.0,,Away,CLT,Indianapolis Colts,Texans (deferred),18
201901050dal,94327,11,2,2,0,0,0,226,27,18,1,233,5,22,24,1,73,13,2,25:10,1,299,0,36,7,"Saturday Jan 5, 2019",2019-01-05 20:15:00,3:11,23,0,0,0,0,1,216,33,22,1,226,6,24,34,2,164,11,4,34:50,1,380,1,36,10,SEA,Seattle Seahawks,43.0 (over),Retractable Roof (Closed),AT&T Stadium,Matrixturf,8:15pm,Dallas Cowboys -2.5,,Home,DAL,Dallas Cowboys,Seahawks (deferred),18
201901060rav,70432,14,1,1,1,1,0,154,32,22,0,160,5,23,33,1,89,17,6,33:40,1,243,1,35,6,"Sunday Jan 6, 2019",2019-01-06 13:05:00,3:17,11,2,2,4,2,1,139,29,14,2,194,7,17,23,0,90,15,5,26:20,7,229,3,41,55,RAV,Baltimore Ravens,43.0 (under),Outdoors,M&T Bank Stadium,Grass,1:05pm,Baltimore Ravens -3.0,"52 degrees, wind 12 mph",Away,SDG,Los Angeles Chargers,Chargers (deferred),18
201901060chi,62462,21,1,1,0,0,2,258,40,25,2,266,3,16,23,0,42,13,6,30:48,1,300,2,25,8,"Sunday Jan 6, 2019",2019-01-06 16:40:00,3:09,17,0,0,0,0,0,291,43,26,1,303,3,15,18,0,65,16,5,29:12,2,356,0,52,12,CHI,Chicago Bears,41.5 (under),Outdoors,Soldier Field,Grass,4:40pm,Chicago Bears -6.5,"39 degrees, wind 12 mph",Away,PHI,Philadelphia Eagles,Bears (deferred),18
201901120kan,76765,15,1,1,1,1,0,179,36,19,1,203,10,13,14,0,87,9,0,20:11,3,266,1,70,24,"Saturday Jan 12, 2019",2019-01-12 16:35:00,3:08,29,4,3,3,1,0,253,41,27,0,278,6,31,33,4,180,14,4,39:49,4,433,1,54,25,CLT,Indianapolis Colts,54.0 (under),Outdoors,Arrowhead Stadium,Grass,4:35pm,Kansas City Chiefs -4.0,"32 degrees, wind 13 mph",Home,KAN,Kansas City Chiefs,Chiefs (deferred),19
201901120ram,77187,19,4,3,1,0,0,258,32,20,1,266,4,22,22,2,50,10,1,23:47,1,308,0,26,8,"Saturday Jan 12, 2019",2019-01-12 20:15:00,3:01,30,2,2,1,0,0,186,28,15,0,186,4,30,48,3,273,11,5,36:13,0,459,0,41,0,DAL,Dallas Cowboys,48.0 (over),Outdoors,Los Angeles Memorial Coliseum,Grass,8:15pm,Los Angeles Rams -7.5,"57 degrees, wind 1 mph",Home,RAM,Los Angeles Rams,Cowboys (deferred),19
201901130nwe,65878,22,1,1,1,1,1,316,51,25,3,331,5,28,10,1,19,13,5,21:40,2,335,2,33,15,"Sunday Jan 13, 2019",2019-01-13 13:05:00,3:32,30,1,1,0,0,0,343,44,34,1,343,9,41,34,4,155,14,7,38:20,0,498,0,75,0,SDG,Los Angeles Chargers,47.5 (over),Outdoors,Gillette Stadium,Fieldturf,1:05pm,New England Patriots -3.5,"26 degrees, wind 3 mph",Home,NWE,New England Patriots,Patriots,19
201901130nor,73027,15,0,0,0,0,2,201,31,18,1,201,4,14,16,1,49,7,2,22:10,0,250,2,30,0,"Sunday Jan 13, 2019",2019-01-13 16:40:00,3:06,25,2,2,2,0,1,283,38,28,2,301,11,20,31,0,137,15,8,37:50,2,420,1,84,18,PHI,Philadelphia Eagles,52.0 (under),Dome,Mercedes-Benz Superdome,Sportturf,4:40pm,New Orleans Saints -8.5,,Home,NOR,New Orleans Saints,Eagles (deferred),19
201901200nor,73028,19,1,1,1,0,1,301,41,26,1,309,7,26,26,1,77,16,6,32:36,1,378,1,64,8,"Sunday Jan 20, 2019",2019-01-20 15:05:00,3:18,19,0,0,2,0,1,242,41,26,2,249,3,23,21,0,48,14,6,30:41,2,290,1,20,7,NOR,New Orleans Saints,55.5 (under),Dome,Mercedes-Benz Superdome,Sportturf,3:05pm,New Orleans Saints -3.0,,Away,RAM,Los Angeles Rams,Rams (deferred),20
201901200kan,77034,36,2,1,0,0,2,348,46,30,1,348,6,37,48,4,176,19,13,43:59,0,524,2,61,0,"Sunday Jan 20, 2019",2019-01-20 18:40:00,3:32,18,0,0,1,0,0,249,31,16,3,295,4,31,12,1,41,9,4,20:53,4,290,0,28,46,KAN,Kansas City Chiefs,56.0 (over),Outdoors,Arrowhead Stadium,Grass,6:40pm,Kansas City Chiefs -3.0,"19 degrees, wind 14 mph",Away,NWE,New England Patriots,Chiefs (deferred),20
201902030ram,70081,14,0,0,1,0,1,198,38,19,0,229,9,3,18,0,62,13,3,26:50,4,260,1,65,31,"Sunday Feb 3, 2019",2019-02-03 18:30:00,3:32,22,1,0,1,0,1,253,35,21,0,262,3,13,32,1,154,12,3,33:10,1,407,1,20,9,RAM,Los Angeles Rams,55.5 (under),Retractable Roof (Closed),Mercedes-Benz Stadium,Fieldturf,6:30pm,New England Patriots -2.0,,Home,NWE,New England Patriots,Rams (deferred),21
